"Diplomanti terciarnega izobraževanja po vrsti izobraževanja, podroèju izobraževanja (KLASIUS-P-16, 1. raven), naèinu študija in spolu, Slovenija, letno"

"VRSTA IZOBRAŽEVANJA";"SPOL";"NAÈIN ŠTUDIJA";"PODROÈJA IZOBRAŽEVANJA (KLASIUS_P16)";"2017";"2018";"2019";"2020"
"Vrsta izobraževanja - SKUPAJ";"Spol - SKUPAJ";"Redni";"Podroèja izobraževanja - skupaj";12965.0;13223.0;12831.0;12117.0
"Vrsta izobraževanja - SKUPAJ";"Spol - SKUPAJ";"Redni";"01 Izobraževalne znanosti in izobraževanje uèiteljev";1482.0;1489.5;1401.5;1354.5
"Vrsta izobraževanja - SKUPAJ";"Spol - SKUPAJ";"Redni";"02 Umetnost in humanistika";1282.0;1315.5;1234.5;1041.5
"Vrsta izobraževanja - SKUPAJ";"Spol - SKUPAJ";"Redni";"03 Družbene vede, novinarstvo in informacijska znanost";1556.0;1420.0;1395.0;1416.0
"Vrsta izobraževanja - SKUPAJ";"Spol - SKUPAJ";"Redni";"04 Poslovne in upravne vede, pravo";2108.0;2186.0;2015.0;1863.0
"Vrsta izobraževanja - SKUPAJ";"Spol - SKUPAJ";"Redni";"05 Naravoslovje, matematika in statistika";1024.5;1064.5;1004.0;995.0
"Vrsta izobraževanja - SKUPAJ";"Spol - SKUPAJ";"Redni";"06 Informacijske in komunikacijske tehnologije (IKT)";540.5;518.5;589.5;584.0
"Vrsta izobraževanja - SKUPAJ";"Spol - SKUPAJ";"Redni";"07 Tehnika, proizvodne tehnologije in gradbeništvo";2272.0;2463.0;2444.5;2389.0
"Vrsta izobraževanja - SKUPAJ";"Spol - SKUPAJ";"Redni";"08 Kmetijstvo, gozdarstvo, ribištvo in veterinarstvo";383.0;480.0;485.0;338.0
"Vrsta izobraževanja - SKUPAJ";"Spol - SKUPAJ";"Redni";"09 Zdravstvo in socialna varnost";1450.0;1399.0;1365.0;1281.0
"Vrsta izobraževanja - SKUPAJ";"Spol - SKUPAJ";"Redni";"10 Transport, varnost, gostinstvo in turizem, osebne storitve";802.0;887.0;897.0;855.0
"Vrsta izobraževanja - SKUPAJ";"Spol - SKUPAJ";"Redni";"99 Podroèje neznano";65.0;-;-;-
"Vrsta izobraževanja - SKUPAJ";"Spol - SKUPAJ";"Izredni";"Podroèja izobraževanja - skupaj";3493.0;3457.0;3269.0;3377.0
"Vrsta izobraževanja - SKUPAJ";"Spol - SKUPAJ";"Izredni";"01 Izobraževalne znanosti in izobraževanje uèiteljev";363.5;368.5;359.5;376.0
"Vrsta izobraževanja - SKUPAJ";"Spol - SKUPAJ";"Izredni";"02 Umetnost in humanistika";206.5;177.5;162.5;154.5
"Vrsta izobraževanja - SKUPAJ";"Spol - SKUPAJ";"Izredni";"03 Družbene vede, novinarstvo in informacijska znanost";156.0;127.0;94.0;97.5
"Vrsta izobraževanja - SKUPAJ";"Spol - SKUPAJ";"Izredni";"04 Poslovne in upravne vede, pravo";1240.0;1230.0;951.0;1094.0
"Vrsta izobraževanja - SKUPAJ";"Spol - SKUPAJ";"Izredni";"05 Naravoslovje, matematika in statistika";79.0;76.0;77.0;80.0
"Vrsta izobraževanja - SKUPAJ";"Spol - SKUPAJ";"Izredni";"06 Informacijske in komunikacijske tehnologije (IKT)";63.0;67.0;84.0;59.0
"Vrsta izobraževanja - SKUPAJ";"Spol - SKUPAJ";"Izredni";"07 Tehnika, proizvodne tehnologije in gradbeništvo";367.0;376.0;398.0;331.0
"Vrsta izobraževanja - SKUPAJ";"Spol - SKUPAJ";"Izredni";"08 Kmetijstvo, gozdarstvo, ribištvo in veterinarstvo";17.0;17.0;19.0;15.0
"Vrsta izobraževanja - SKUPAJ";"Spol - SKUPAJ";"Izredni";"09 Zdravstvo in socialna varnost";573.0;598.0;584.0;643.0
"Vrsta izobraževanja - SKUPAJ";"Spol - SKUPAJ";"Izredni";"10 Transport, varnost, gostinstvo in turizem, osebne storitve";416.0;420.0;540.0;527.0
"Vrsta izobraževanja - SKUPAJ";"Spol - SKUPAJ";"Izredni";"99 Podroèje neznano";12.0;-;-;-
"Vrsta izobraževanja - SKUPAJ";"Moški";"Redni";"Podroèja izobraževanja - skupaj";4935.0;5041.0;5017.0;4819.0
"Vrsta izobraževanja - SKUPAJ";"Moški";"Redni";"01 Izobraževalne znanosti in izobraževanje uèiteljev";162.5;210.0;163.5;155.0
"Vrsta izobraževanja - SKUPAJ";"Moški";"Redni";"02 Umetnost in humanistika";391.5;392.5;368.5;350.5
"Vrsta izobraževanja - SKUPAJ";"Moški";"Redni";"03 Družbene vede, novinarstvo in informacijska znanost";456.5;393.5;378.5;423.5
"Vrsta izobraževanja - SKUPAJ";"Moški";"Redni";"04 Poslovne in upravne vede, pravo";660.0;686.0;609.0;591.0
"Vrsta izobraževanja - SKUPAJ";"Moški";"Redni";"05 Naravoslovje, matematika in statistika";371.5;395.5;356.5;380.0
"Vrsta izobraževanja - SKUPAJ";"Moški";"Redni";"06 Informacijske in komunikacijske tehnologije (IKT)";461.5;429.5;491.0;506.0
"Vrsta izobraževanja - SKUPAJ";"Moški";"Redni";"07 Tehnika, proizvodne tehnologije in gradbeništvo";1629.5;1736.0;1761.0;1737.0
"Vrsta izobraževanja - SKUPAJ";"Moški";"Redni";"08 Kmetijstvo, gozdarstvo, ribištvo in veterinarstvo";156.0;159.0;214.0;119.0
"Vrsta izobraževanja - SKUPAJ";"Moški";"Redni";"09 Zdravstvo in socialna varnost";296.0;276.0;284.0;234.0
"Vrsta izobraževanja - SKUPAJ";"Moški";"Redni";"10 Transport, varnost, gostinstvo in turizem, osebne storitve";290.0;363.0;391.0;323.0
"Vrsta izobraževanja - SKUPAJ";"Moški";"Redni";"99 Podroèje neznano";60.0;-;-;-
"Vrsta izobraževanja - SKUPAJ";"Moški";"Izredni";"Podroèja izobraževanja - skupaj";1432.0;1466.0;1422.0;1339.0
"Vrsta izobraževanja - SKUPAJ";"Moški";"Izredni";"01 Izobraževalne znanosti in izobraževanje uèiteljev";24.0;24.0;22.5;23.0
"Vrsta izobraževanja - SKUPAJ";"Moški";"Izredni";"02 Umetnost in humanistika";84.5;84.0;71.5;62.5
"Vrsta izobraževanja - SKUPAJ";"Moški";"Izredni";"03 Družbene vede, novinarstvo in informacijska znanost";49.5;58.0;35.0;40.5
"Vrsta izobraževanja - SKUPAJ";"Moški";"Izredni";"04 Poslovne in upravne vede, pravo";487.0;466.0;385.0;423.0
"Vrsta izobraževanja - SKUPAJ";"Moški";"Izredni";"05 Naravoslovje, matematika in statistika";41.0;44.0;35.0;41.0
"Vrsta izobraževanja - SKUPAJ";"Moški";"Izredni";"06 Informacijske in komunikacijske tehnologije (IKT)";57.0;60.0;79.0;54.0
"Vrsta izobraževanja - SKUPAJ";"Moški";"Izredni";"07 Tehnika, proizvodne tehnologije in gradbeništvo";296.0;317.0;326.0;259.0
"Vrsta izobraževanja - SKUPAJ";"Moški";"Izredni";"08 Kmetijstvo, gozdarstvo, ribištvo in veterinarstvo";9.0;9.0;10.0;5.0
"Vrsta izobraževanja - SKUPAJ";"Moški";"Izredni";"09 Zdravstvo in socialna varnost";163.0;171.0;161.0;182.0
"Vrsta izobraževanja - SKUPAJ";"Moški";"Izredni";"10 Transport, varnost, gostinstvo in turizem, osebne storitve";214.0;233.0;297.0;249.0
"Vrsta izobraževanja - SKUPAJ";"Moški";"Izredni";"99 Podroèje neznano";7.0;-;-;-
"Vrsta izobraževanja - SKUPAJ";"Ženske";"Redni";"Podroèja izobraževanja - skupaj";8030.0;8182.0;7814.0;7298.0
"Vrsta izobraževanja - SKUPAJ";"Ženske";"Redni";"01 Izobraževalne znanosti in izobraževanje uèiteljev";1319.5;1279.5;1238.0;1199.5
"Vrsta izobraževanja - SKUPAJ";"Ženske";"Redni";"02 Umetnost in humanistika";890.5;923.0;866.0;691.0
"Vrsta izobraževanja - SKUPAJ";"Ženske";"Redni";"03 Družbene vede, novinarstvo in informacijska znanost";1099.5;1026.5;1016.5;992.5
"Vrsta izobraževanja - SKUPAJ";"Ženske";"Redni";"04 Poslovne in upravne vede, pravo";1448.0;1500.0;1406.0;1272.0
"Vrsta izobraževanja - SKUPAJ";"Ženske";"Redni";"05 Naravoslovje, matematika in statistika";653.0;669.0;647.5;615.0
"Vrsta izobraževanja - SKUPAJ";"Ženske";"Redni";"06 Informacijske in komunikacijske tehnologije (IKT)";79.0;89.0;98.5;78.0
"Vrsta izobraževanja - SKUPAJ";"Ženske";"Redni";"07 Tehnika, proizvodne tehnologije in gradbeništvo";642.5;727.0;683.5;652.0
"Vrsta izobraževanja - SKUPAJ";"Ženske";"Redni";"08 Kmetijstvo, gozdarstvo, ribištvo in veterinarstvo";227.0;321.0;271.0;219.0
"Vrsta izobraževanja - SKUPAJ";"Ženske";"Redni";"09 Zdravstvo in socialna varnost";1154.0;1123.0;1081.0;1047.0
"Vrsta izobraževanja - SKUPAJ";"Ženske";"Redni";"10 Transport, varnost, gostinstvo in turizem, osebne storitve";512.0;524.0;506.0;532.0
"Vrsta izobraževanja - SKUPAJ";"Ženske";"Redni";"99 Podroèje neznano";5.0;-;-;-
"Vrsta izobraževanja - SKUPAJ";"Ženske";"Izredni";"Podroèja izobraževanja - skupaj";2061.0;1991.0;1847.0;2038.0
"Vrsta izobraževanja - SKUPAJ";"Ženske";"Izredni";"01 Izobraževalne znanosti in izobraževanje uèiteljev";339.5;344.5;337.0;353.0
"Vrsta izobraževanja - SKUPAJ";"Ženske";"Izredni";"02 Umetnost in humanistika";122.0;93.5;91.0;92.0
"Vrsta izobraževanja - SKUPAJ";"Ženske";"Izredni";"03 Družbene vede, novinarstvo in informacijska znanost";106.5;69.0;59.0;57.0
"Vrsta izobraževanja - SKUPAJ";"Ženske";"Izredni";"04 Poslovne in upravne vede, pravo";753.0;764.0;566.0;671.0
"Vrsta izobraževanja - SKUPAJ";"Ženske";"Izredni";"05 Naravoslovje, matematika in statistika";38.0;32.0;42.0;39.0
"Vrsta izobraževanja - SKUPAJ";"Ženske";"Izredni";"06 Informacijske in komunikacijske tehnologije (IKT)";6.0;7.0;5.0;5.0
"Vrsta izobraževanja - SKUPAJ";"Ženske";"Izredni";"07 Tehnika, proizvodne tehnologije in gradbeništvo";71.0;59.0;72.0;72.0
"Vrsta izobraževanja - SKUPAJ";"Ženske";"Izredni";"08 Kmetijstvo, gozdarstvo, ribištvo in veterinarstvo";8.0;8.0;9.0;10.0
"Vrsta izobraževanja - SKUPAJ";"Ženske";"Izredni";"09 Zdravstvo in socialna varnost";410.0;427.0;423.0;461.0
"Vrsta izobraževanja - SKUPAJ";"Ženske";"Izredni";"10 Transport, varnost, gostinstvo in turizem, osebne storitve";202.0;187.0;243.0;278.0
"Vrsta izobraževanja - SKUPAJ";"Ženske";"Izredni";"99 Podroèje neznano";5.0;-;-;-
"Višje strokovno";"Spol - SKUPAJ";"Redni";"Podroèja izobraževanja - skupaj";1060.0;1140.0;1207.0;1114.0
"Višje strokovno";"Spol - SKUPAJ";"Redni";"01 Izobraževalne znanosti in izobraževanje uèiteljev";-;-;-;-
"Višje strokovno";"Spol - SKUPAJ";"Redni";"02 Umetnost in humanistika";89.0;123.0;118.0;95.0
"Višje strokovno";"Spol - SKUPAJ";"Redni";"03 Družbene vede, novinarstvo in informacijska znanost";-;-;-;-
"Višje strokovno";"Spol - SKUPAJ";"Redni";"04 Poslovne in upravne vede, pravo";177.0;161.0;151.0;120.0
"Višje strokovno";"Spol - SKUPAJ";"Redni";"05 Naravoslovje, matematika in statistika";28.0;22.0;27.0;30.0
"Višje strokovno";"Spol - SKUPAJ";"Redni";"06 Informacijske in komunikacijske tehnologije (IKT)";77.0;63.0;98.0;76.0
"Višje strokovno";"Spol - SKUPAJ";"Redni";"07 Tehnika, proizvodne tehnologije in gradbeništvo";287.0;394.0;401.0;405.0
"Višje strokovno";"Spol - SKUPAJ";"Redni";"08 Kmetijstvo, gozdarstvo, ribištvo in veterinarstvo";53.0;56.0;58.0;37.0
"Višje strokovno";"Spol - SKUPAJ";"Redni";"09 Zdravstvo in socialna varnost";-;1.0;-;-
"Višje strokovno";"Spol - SKUPAJ";"Redni";"10 Transport, varnost, gostinstvo in turizem, osebne storitve";284.0;320.0;354.0;351.0
"Višje strokovno";"Spol - SKUPAJ";"Redni";"99 Podroèje neznano";65.0;-;-;-
"Višje strokovno";"Spol - SKUPAJ";"Izredni";"Podroèja izobraževanja - skupaj";825.0;852.0;887.0;866.0
"Višje strokovno";"Spol - SKUPAJ";"Izredni";"01 Izobraževalne znanosti in izobraževanje uèiteljev";-;-;-;-
"Višje strokovno";"Spol - SKUPAJ";"Izredni";"02 Umetnost in humanistika";18.0;45.0;36.0;27.0
"Višje strokovno";"Spol - SKUPAJ";"Izredni";"03 Družbene vede, novinarstvo in informacijska znanost";-;-;-;-
"Višje strokovno";"Spol - SKUPAJ";"Izredni";"04 Poslovne in upravne vede, pravo";222.0;215.0;191.0;194.0
"Višje strokovno";"Spol - SKUPAJ";"Izredni";"05 Naravoslovje, matematika in statistika";6.0;9.0;2.0;3.0
"Višje strokovno";"Spol - SKUPAJ";"Izredni";"06 Informacijske in komunikacijske tehnologije (IKT)";50.0;38.0;54.0;51.0
"Višje strokovno";"Spol - SKUPAJ";"Izredni";"07 Tehnika, proizvodne tehnologije in gradbeništvo";206.0;243.0;229.0;192.0
"Višje strokovno";"Spol - SKUPAJ";"Izredni";"08 Kmetijstvo, gozdarstvo, ribištvo in veterinarstvo";9.0;14.0;13.0;9.0
"Višje strokovno";"Spol - SKUPAJ";"Izredni";"09 Zdravstvo in socialna varnost";68.0;53.0;36.0;55.0
"Višje strokovno";"Spol - SKUPAJ";"Izredni";"10 Transport, varnost, gostinstvo in turizem, osebne storitve";234.0;235.0;326.0;335.0
"Višje strokovno";"Spol - SKUPAJ";"Izredni";"99 Podroèje neznano";12.0;-;-;-
"Višje strokovno";"Moški";"Redni";"Podroèja izobraževanja - skupaj";569.0;624.0;702.0;665.0
"Višje strokovno";"Moški";"Redni";"01 Izobraževalne znanosti in izobraževanje uèiteljev";-;-;-;-
"Višje strokovno";"Moški";"Redni";"02 Umetnost in humanistika";55.0;77.0;71.0;61.0
"Višje strokovno";"Moški";"Redni";"03 Družbene vede, novinarstvo in informacijska znanost";-;-;-;-
"Višje strokovno";"Moški";"Redni";"04 Poslovne in upravne vede, pravo";33.0;31.0;40.0;29.0
"Višje strokovno";"Moški";"Redni";"05 Naravoslovje, matematika in statistika";10.0;7.0;8.0;15.0
"Višje strokovno";"Moški";"Redni";"06 Informacijske in komunikacijske tehnologije (IKT)";73.0;59.0;91.0;70.0
"Višje strokovno";"Moški";"Redni";"07 Tehnika, proizvodne tehnologije in gradbeništvo";218.0;299.0;310.0;340.0
"Višje strokovno";"Moški";"Redni";"08 Kmetijstvo, gozdarstvo, ribištvo in veterinarstvo";27.0;23.0;35.0;15.0
"Višje strokovno";"Moški";"Redni";"09 Zdravstvo in socialna varnost";-;-;-;-
"Višje strokovno";"Moški";"Redni";"10 Transport, varnost, gostinstvo in turizem, osebne storitve";93.0;128.0;147.0;135.0
"Višje strokovno";"Moški";"Redni";"99 Podroèje neznano";60.0;-;-;-
"Višje strokovno";"Moški";"Izredni";"Podroèja izobraževanja - skupaj";457.0;475.0;513.0;436.0
"Višje strokovno";"Moški";"Izredni";"01 Izobraževalne znanosti in izobraževanje uèiteljev";-;-;-;-
"Višje strokovno";"Moški";"Izredni";"02 Umetnost in humanistika";17.0;34.0;28.0;20.0
"Višje strokovno";"Moški";"Izredni";"03 Družbene vede, novinarstvo in informacijska znanost";-;-;-;-
"Višje strokovno";"Moški";"Izredni";"04 Poslovne in upravne vede, pravo";73.0;44.0;47.0;51.0
"Višje strokovno";"Moški";"Izredni";"05 Naravoslovje, matematika in statistika";1.0;5.0;1.0;-
"Višje strokovno";"Moški";"Izredni";"06 Informacijske in komunikacijske tehnologije (IKT)";45.0;34.0;50.0;46.0
"Višje strokovno";"Moški";"Izredni";"07 Tehnika, proizvodne tehnologije in gradbeništvo";174.0;214.0;192.0;156.0
"Višje strokovno";"Moški";"Izredni";"08 Kmetijstvo, gozdarstvo, ribištvo in veterinarstvo";6.0;7.0;8.0;3.0
"Višje strokovno";"Moški";"Izredni";"09 Zdravstvo in socialna varnost";7.0;7.0;5.0;8.0
"Višje strokovno";"Moški";"Izredni";"10 Transport, varnost, gostinstvo in turizem, osebne storitve";127.0;130.0;182.0;152.0
"Višje strokovno";"Moški";"Izredni";"99 Podroèje neznano";7.0;-;-;-
"Višje strokovno";"Ženske";"Redni";"Podroèja izobraževanja - skupaj";491.0;516.0;505.0;449.0
"Višje strokovno";"Ženske";"Redni";"01 Izobraževalne znanosti in izobraževanje uèiteljev";-;-;-;-
"Višje strokovno";"Ženske";"Redni";"02 Umetnost in humanistika";34.0;46.0;47.0;34.0
"Višje strokovno";"Ženske";"Redni";"03 Družbene vede, novinarstvo in informacijska znanost";-;-;-;-
"Višje strokovno";"Ženske";"Redni";"04 Poslovne in upravne vede, pravo";144.0;130.0;111.0;91.0
"Višje strokovno";"Ženske";"Redni";"05 Naravoslovje, matematika in statistika";18.0;15.0;19.0;15.0
"Višje strokovno";"Ženske";"Redni";"06 Informacijske in komunikacijske tehnologije (IKT)";4.0;4.0;7.0;6.0
"Višje strokovno";"Ženske";"Redni";"07 Tehnika, proizvodne tehnologije in gradbeništvo";69.0;95.0;91.0;65.0
"Višje strokovno";"Ženske";"Redni";"08 Kmetijstvo, gozdarstvo, ribištvo in veterinarstvo";26.0;33.0;23.0;22.0
"Višje strokovno";"Ženske";"Redni";"09 Zdravstvo in socialna varnost";-;1.0;-;-
"Višje strokovno";"Ženske";"Redni";"10 Transport, varnost, gostinstvo in turizem, osebne storitve";191.0;192.0;207.0;216.0
"Višje strokovno";"Ženske";"Redni";"99 Podroèje neznano";5.0;-;-;-
"Višje strokovno";"Ženske";"Izredni";"Podroèja izobraževanja - skupaj";368.0;377.0;374.0;430.0
"Višje strokovno";"Ženske";"Izredni";"01 Izobraževalne znanosti in izobraževanje uèiteljev";-;-;-;-
"Višje strokovno";"Ženske";"Izredni";"02 Umetnost in humanistika";1.0;11.0;8.0;7.0
"Višje strokovno";"Ženske";"Izredni";"03 Družbene vede, novinarstvo in informacijska znanost";-;-;-;-
"Višje strokovno";"Ženske";"Izredni";"04 Poslovne in upravne vede, pravo";149.0;171.0;144.0;143.0
"Višje strokovno";"Ženske";"Izredni";"05 Naravoslovje, matematika in statistika";5.0;4.0;1.0;3.0
"Višje strokovno";"Ženske";"Izredni";"06 Informacijske in komunikacijske tehnologije (IKT)";5.0;4.0;4.0;5.0
"Višje strokovno";"Ženske";"Izredni";"07 Tehnika, proizvodne tehnologije in gradbeništvo";32.0;29.0;37.0;36.0
"Višje strokovno";"Ženske";"Izredni";"08 Kmetijstvo, gozdarstvo, ribištvo in veterinarstvo";3.0;7.0;5.0;6.0
"Višje strokovno";"Ženske";"Izredni";"09 Zdravstvo in socialna varnost";61.0;46.0;31.0;47.0
"Višje strokovno";"Ženske";"Izredni";"10 Transport, varnost, gostinstvo in turizem, osebne storitve";107.0;105.0;144.0;183.0
"Višje strokovno";"Ženske";"Izredni";"99 Podroèje neznano";5.0;-;-;-
"Visokošolsko strokovno (1. bolonjska stopnja)";"Spol - SKUPAJ";"Redni";"Podroèja izobraževanja - skupaj";2344.0;2441.0;2279.0;2125.0
"Visokošolsko strokovno (1. bolonjska stopnja)";"Spol - SKUPAJ";"Redni";"01 Izobraževalne znanosti in izobraževanje uèiteljev";192.0;146.0;137.0;145.0
"Visokošolsko strokovno (1. bolonjska stopnja)";"Spol - SKUPAJ";"Redni";"02 Umetnost in humanistika";98.0;115.0;100.0;89.0
"Visokošolsko strokovno (1. bolonjska stopnja)";"Spol - SKUPAJ";"Redni";"03 Družbene vede, novinarstvo in informacijska znanost";26.0;23.0;16.0;32.0
"Visokošolsko strokovno (1. bolonjska stopnja)";"Spol - SKUPAJ";"Redni";"04 Poslovne in upravne vede, pravo";464.0;539.0;424.0;391.0
"Visokošolsko strokovno (1. bolonjska stopnja)";"Spol - SKUPAJ";"Redni";"05 Naravoslovje, matematika in statistika";18.0;25.0;20.0;22.0
"Visokošolsko strokovno (1. bolonjska stopnja)";"Spol - SKUPAJ";"Redni";"06 Informacijske in komunikacijske tehnologije (IKT)";138.0;121.0;137.0;124.0
"Visokošolsko strokovno (1. bolonjska stopnja)";"Spol - SKUPAJ";"Redni";"07 Tehnika, proizvodne tehnologije in gradbeništvo";554.0;573.0;603.0;500.0
"Visokošolsko strokovno (1. bolonjska stopnja)";"Spol - SKUPAJ";"Redni";"08 Kmetijstvo, gozdarstvo, ribištvo in veterinarstvo";109.0;115.0;116.0;86.0
"Visokošolsko strokovno (1. bolonjska stopnja)";"Spol - SKUPAJ";"Redni";"09 Zdravstvo in socialna varnost";527.0;558.0;514.0;534.0
"Visokošolsko strokovno (1. bolonjska stopnja)";"Spol - SKUPAJ";"Redni";"10 Transport, varnost, gostinstvo in turizem, osebne storitve";218.0;226.0;212.0;202.0
"Visokošolsko strokovno (1. bolonjska stopnja)";"Spol - SKUPAJ";"Redni";"99 Podroèje neznano";-;-;-;-
"Visokošolsko strokovno (1. bolonjska stopnja)";"Spol - SKUPAJ";"Izredni";"Podroèja izobraževanja - skupaj";1462.0;1490.0;1386.0;1492.0
"Visokošolsko strokovno (1. bolonjska stopnja)";"Spol - SKUPAJ";"Izredni";"01 Izobraževalne znanosti in izobraževanje uèiteljev";207.0;198.0;200.0;192.0
"Visokošolsko strokovno (1. bolonjska stopnja)";"Spol - SKUPAJ";"Izredni";"02 Umetnost in humanistika";41.0;21.0;31.0;32.0
"Visokošolsko strokovno (1. bolonjska stopnja)";"Spol - SKUPAJ";"Izredni";"03 Družbene vede, novinarstvo in informacijska znanost";42.0;44.0;29.0;32.0
"Visokošolsko strokovno (1. bolonjska stopnja)";"Spol - SKUPAJ";"Izredni";"04 Poslovne in upravne vede, pravo";607.0;592.0;437.0;555.0
"Visokošolsko strokovno (1. bolonjska stopnja)";"Spol - SKUPAJ";"Izredni";"05 Naravoslovje, matematika in statistika";1.0;2.0;3.0;-
"Visokošolsko strokovno (1. bolonjska stopnja)";"Spol - SKUPAJ";"Izredni";"06 Informacijske in komunikacijske tehnologije (IKT)";3.0;5.0;18.0;5.0
"Visokošolsko strokovno (1. bolonjska stopnja)";"Spol - SKUPAJ";"Izredni";"07 Tehnika, proizvodne tehnologije in gradbeništvo";77.0;68.0;91.0;67.0
"Visokošolsko strokovno (1. bolonjska stopnja)";"Spol - SKUPAJ";"Izredni";"08 Kmetijstvo, gozdarstvo, ribištvo in veterinarstvo";6.0;2.0;2.0;4.0
"Visokošolsko strokovno (1. bolonjska stopnja)";"Spol - SKUPAJ";"Izredni";"09 Zdravstvo in socialna varnost";347.0;409.0;414.0;446.0
"Visokošolsko strokovno (1. bolonjska stopnja)";"Spol - SKUPAJ";"Izredni";"10 Transport, varnost, gostinstvo in turizem, osebne storitve";131.0;149.0;161.0;159.0
"Visokošolsko strokovno (1. bolonjska stopnja)";"Spol - SKUPAJ";"Izredni";"99 Podroèje neznano";-;-;-;-
"Visokošolsko strokovno (1. bolonjska stopnja)";"Moški";"Redni";"Podroèja izobraževanja - skupaj";961.0;991.0;1023.0;883.0
"Visokošolsko strokovno (1. bolonjska stopnja)";"Moški";"Redni";"01 Izobraževalne znanosti in izobraževanje uèiteljev";3.0;4.0;4.0;5.0
"Visokošolsko strokovno (1. bolonjska stopnja)";"Moški";"Redni";"02 Umetnost in humanistika";23.0;26.0;20.0;21.0
"Visokošolsko strokovno (1. bolonjska stopnja)";"Moški";"Redni";"03 Družbene vede, novinarstvo in informacijska znanost";16.0;11.0;12.0;21.0
"Visokošolsko strokovno (1. bolonjska stopnja)";"Moški";"Redni";"04 Poslovne in upravne vede, pravo";148.0;171.0;136.0;127.0
"Visokošolsko strokovno (1. bolonjska stopnja)";"Moški";"Redni";"05 Naravoslovje, matematika in statistika";11.0;12.0;13.0;13.0
"Visokošolsko strokovno (1. bolonjska stopnja)";"Moški";"Redni";"06 Informacijske in komunikacijske tehnologije (IKT)";137.0;116.0;126.0;120.0
"Visokošolsko strokovno (1. bolonjska stopnja)";"Moški";"Redni";"07 Tehnika, proizvodne tehnologije in gradbeništvo";405.0;420.0;483.0;405.0
"Visokošolsko strokovno (1. bolonjska stopnja)";"Moški";"Redni";"08 Kmetijstvo, gozdarstvo, ribištvo in veterinarstvo";49.0;45.0;57.0;33.0
"Visokošolsko strokovno (1. bolonjska stopnja)";"Moški";"Redni";"09 Zdravstvo in socialna varnost";80.0;103.0;85.0;75.0
"Visokošolsko strokovno (1. bolonjska stopnja)";"Moški";"Redni";"10 Transport, varnost, gostinstvo in turizem, osebne storitve";89.0;83.0;87.0;63.0
"Visokošolsko strokovno (1. bolonjska stopnja)";"Moški";"Redni";"99 Podroèje neznano";-;-;-;-
"Visokošolsko strokovno (1. bolonjska stopnja)";"Moški";"Izredni";"Podroèja izobraževanja - skupaj";503.0;581.0;525.0;538.0
"Visokošolsko strokovno (1. bolonjska stopnja)";"Moški";"Izredni";"01 Izobraževalne znanosti in izobraževanje uèiteljev";6.0;11.0;5.0;6.0
"Visokošolsko strokovno (1. bolonjska stopnja)";"Moški";"Izredni";"02 Umetnost in humanistika";13.0;5.0;11.0;4.0
"Visokošolsko strokovno (1. bolonjska stopnja)";"Moški";"Izredni";"03 Družbene vede, novinarstvo in informacijska znanost";16.0;28.0;12.0;18.0
"Visokošolsko strokovno (1. bolonjska stopnja)";"Moški";"Izredni";"04 Poslovne in upravne vede, pravo";243.0;250.0;197.0;220.0
"Visokošolsko strokovno (1. bolonjska stopnja)";"Moški";"Izredni";"05 Naravoslovje, matematika in statistika";1.0;1.0;-;-
"Visokošolsko strokovno (1. bolonjska stopnja)";"Moški";"Izredni";"06 Informacijske in komunikacijske tehnologije (IKT)";2.0;5.0;17.0;5.0
"Visokošolsko strokovno (1. bolonjska stopnja)";"Moški";"Izredni";"07 Tehnika, proizvodne tehnologije in gradbeništvo";56.0;59.0;79.0;62.0
"Visokošolsko strokovno (1. bolonjska stopnja)";"Moški";"Izredni";"08 Kmetijstvo, gozdarstvo, ribištvo in veterinarstvo";1.0;1.0;-;-
"Visokošolsko strokovno (1. bolonjska stopnja)";"Moški";"Izredni";"09 Zdravstvo in socialna varnost";105.0;135.0;118.0;141.0
"Visokošolsko strokovno (1. bolonjska stopnja)";"Moški";"Izredni";"10 Transport, varnost, gostinstvo in turizem, osebne storitve";60.0;86.0;86.0;82.0
"Visokošolsko strokovno (1. bolonjska stopnja)";"Moški";"Izredni";"99 Podroèje neznano";-;-;-;-
"Visokošolsko strokovno (1. bolonjska stopnja)";"Ženske";"Redni";"Podroèja izobraževanja - skupaj";1383.0;1450.0;1256.0;1242.0
"Visokošolsko strokovno (1. bolonjska stopnja)";"Ženske";"Redni";"01 Izobraževalne znanosti in izobraževanje uèiteljev";189.0;142.0;133.0;140.0
"Visokošolsko strokovno (1. bolonjska stopnja)";"Ženske";"Redni";"02 Umetnost in humanistika";75.0;89.0;80.0;68.0
"Visokošolsko strokovno (1. bolonjska stopnja)";"Ženske";"Redni";"03 Družbene vede, novinarstvo in informacijska znanost";10.0;12.0;4.0;11.0
"Visokošolsko strokovno (1. bolonjska stopnja)";"Ženske";"Redni";"04 Poslovne in upravne vede, pravo";316.0;368.0;288.0;264.0
"Visokošolsko strokovno (1. bolonjska stopnja)";"Ženske";"Redni";"05 Naravoslovje, matematika in statistika";7.0;13.0;7.0;9.0
"Visokošolsko strokovno (1. bolonjska stopnja)";"Ženske";"Redni";"06 Informacijske in komunikacijske tehnologije (IKT)";1.0;5.0;11.0;4.0
"Visokošolsko strokovno (1. bolonjska stopnja)";"Ženske";"Redni";"07 Tehnika, proizvodne tehnologije in gradbeništvo";149.0;153.0;120.0;95.0
"Visokošolsko strokovno (1. bolonjska stopnja)";"Ženske";"Redni";"08 Kmetijstvo, gozdarstvo, ribištvo in veterinarstvo";60.0;70.0;59.0;53.0
"Visokošolsko strokovno (1. bolonjska stopnja)";"Ženske";"Redni";"09 Zdravstvo in socialna varnost";447.0;455.0;429.0;459.0
"Visokošolsko strokovno (1. bolonjska stopnja)";"Ženske";"Redni";"10 Transport, varnost, gostinstvo in turizem, osebne storitve";129.0;143.0;125.0;139.0
"Visokošolsko strokovno (1. bolonjska stopnja)";"Ženske";"Redni";"99 Podroèje neznano";-;-;-;-
"Visokošolsko strokovno (1. bolonjska stopnja)";"Ženske";"Izredni";"Podroèja izobraževanja - skupaj";959.0;909.0;861.0;954.0
"Visokošolsko strokovno (1. bolonjska stopnja)";"Ženske";"Izredni";"01 Izobraževalne znanosti in izobraževanje uèiteljev";201.0;187.0;195.0;186.0
"Visokošolsko strokovno (1. bolonjska stopnja)";"Ženske";"Izredni";"02 Umetnost in humanistika";28.0;16.0;20.0;28.0
"Visokošolsko strokovno (1. bolonjska stopnja)";"Ženske";"Izredni";"03 Družbene vede, novinarstvo in informacijska znanost";26.0;16.0;17.0;14.0
"Visokošolsko strokovno (1. bolonjska stopnja)";"Ženske";"Izredni";"04 Poslovne in upravne vede, pravo";364.0;342.0;240.0;335.0
"Visokošolsko strokovno (1. bolonjska stopnja)";"Ženske";"Izredni";"05 Naravoslovje, matematika in statistika";-;1.0;3.0;-
"Visokošolsko strokovno (1. bolonjska stopnja)";"Ženske";"Izredni";"06 Informacijske in komunikacijske tehnologije (IKT)";1.0;-;1.0;-
"Visokošolsko strokovno (1. bolonjska stopnja)";"Ženske";"Izredni";"07 Tehnika, proizvodne tehnologije in gradbeništvo";21.0;9.0;12.0;5.0
"Visokošolsko strokovno (1. bolonjska stopnja)";"Ženske";"Izredni";"08 Kmetijstvo, gozdarstvo, ribištvo in veterinarstvo";5.0;1.0;2.0;4.0
"Visokošolsko strokovno (1. bolonjska stopnja)";"Ženske";"Izredni";"09 Zdravstvo in socialna varnost";242.0;274.0;296.0;305.0
"Visokošolsko strokovno (1. bolonjska stopnja)";"Ženske";"Izredni";"10 Transport, varnost, gostinstvo in turizem, osebne storitve";71.0;63.0;75.0;77.0
"Visokošolsko strokovno (1. bolonjska stopnja)";"Ženske";"Izredni";"99 Podroèje neznano";-;-;-;-
"Visokošolsko univerzitetno (1. bolonjska stopnja)";"Spol - SKUPAJ";"Redni";"Podroèja izobraževanja - skupaj";4822.0;4627.0;4578.0;4607.0
"Visokošolsko univerzitetno (1. bolonjska stopnja)";"Spol - SKUPAJ";"Redni";"01 Izobraževalne znanosti in izobraževanje uèiteljev";614.0;568.5;544.0;582.5
"Visokošolsko univerzitetno (1. bolonjska stopnja)";"Spol - SKUPAJ";"Redni";"02 Umetnost in humanistika";745.5;669.0;679.0;606.0
"Visokošolsko univerzitetno (1. bolonjska stopnja)";"Spol - SKUPAJ";"Redni";"03 Družbene vede, novinarstvo in informacijska znanost";940.5;848.5;886.0;903.5
"Visokošolsko univerzitetno (1. bolonjska stopnja)";"Spol - SKUPAJ";"Redni";"04 Poslovne in upravne vede, pravo";537.0;503.0;506.0;477.0
"Visokošolsko univerzitetno (1. bolonjska stopnja)";"Spol - SKUPAJ";"Redni";"05 Naravoslovje, matematika in statistika";627.5;615.5;559.0;612.0
"Visokošolsko univerzitetno (1. bolonjska stopnja)";"Spol - SKUPAJ";"Redni";"06 Informacijske in komunikacijske tehnologije (IKT)";194.5;193.5;237.5;255.0
"Visokošolsko univerzitetno (1. bolonjska stopnja)";"Spol - SKUPAJ";"Redni";"07 Tehnika, proizvodne tehnologije in gradbeništvo";712.0;742.0;667.5;748.0
"Visokošolsko univerzitetno (1. bolonjska stopnja)";"Spol - SKUPAJ";"Redni";"08 Kmetijstvo, gozdarstvo, ribištvo in veterinarstvo";73.0;101.0;124.0;90.0
"Visokošolsko univerzitetno (1. bolonjska stopnja)";"Spol - SKUPAJ";"Redni";"09 Zdravstvo in socialna varnost";167.0;156.0;149.0;142.0
"Visokošolsko univerzitetno (1. bolonjska stopnja)";"Spol - SKUPAJ";"Redni";"10 Transport, varnost, gostinstvo in turizem, osebne storitve";211.0;230.0;226.0;191.0
"Visokošolsko univerzitetno (1. bolonjska stopnja)";"Spol - SKUPAJ";"Redni";"99 Podroèje neznano";-;-;-;-
"Visokošolsko univerzitetno (1. bolonjska stopnja)";"Spol - SKUPAJ";"Izredni";"Podroèja izobraževanja - skupaj";282.0;244.0;167.0;181.0
"Visokošolsko univerzitetno (1. bolonjska stopnja)";"Spol - SKUPAJ";"Izredni";"01 Izobraževalne znanosti in izobraževanje uèiteljev";52.5;44.5;44.5;57.0
"Visokošolsko univerzitetno (1. bolonjska stopnja)";"Spol - SKUPAJ";"Izredni";"02 Umetnost in humanistika";41.5;27.5;10.5;16.5
"Visokošolsko univerzitetno (1. bolonjska stopnja)";"Spol - SKUPAJ";"Izredni";"03 Družbene vede, novinarstvo in informacijska znanost";57.0;39.0;24.0;30.5
"Visokošolsko univerzitetno (1. bolonjska stopnja)";"Spol - SKUPAJ";"Izredni";"04 Poslovne in upravne vede, pravo";97.0;109.0;61.0;53.0
"Visokošolsko univerzitetno (1. bolonjska stopnja)";"Spol - SKUPAJ";"Izredni";"05 Naravoslovje, matematika in statistika";2.0;1.0;1.0;2.0
"Visokošolsko univerzitetno (1. bolonjska stopnja)";"Spol - SKUPAJ";"Izredni";"06 Informacijske in komunikacijske tehnologije (IKT)";1.0;6.0;3.0;-
"Visokošolsko univerzitetno (1. bolonjska stopnja)";"Spol - SKUPAJ";"Izredni";"07 Tehnika, proizvodne tehnologije in gradbeništvo";-;-;1.0;-
"Visokošolsko univerzitetno (1. bolonjska stopnja)";"Spol - SKUPAJ";"Izredni";"08 Kmetijstvo, gozdarstvo, ribištvo in veterinarstvo";-;-;-;-
"Visokošolsko univerzitetno (1. bolonjska stopnja)";"Spol - SKUPAJ";"Izredni";"09 Zdravstvo in socialna varnost";18.0;6.0;5.0;10.0
"Visokošolsko univerzitetno (1. bolonjska stopnja)";"Spol - SKUPAJ";"Izredni";"10 Transport, varnost, gostinstvo in turizem, osebne storitve";13.0;11.0;17.0;12.0
"Visokošolsko univerzitetno (1. bolonjska stopnja)";"Spol - SKUPAJ";"Izredni";"99 Podroèje neznano";-;-;-;-
"Visokošolsko univerzitetno (1. bolonjska stopnja)";"Moški";"Redni";"Podroèja izobraževanja - skupaj";1778.0;1707.0;1682.0;1768.0
"Visokošolsko univerzitetno (1. bolonjska stopnja)";"Moški";"Redni";"01 Izobraževalne znanosti in izobraževanje uèiteljev";90.5;87.0;65.5;65.5
"Visokošolsko univerzitetno (1. bolonjska stopnja)";"Moški";"Redni";"02 Umetnost in humanistika";201.0;173.0;188.5;179.5
"Visokošolsko univerzitetno (1. bolonjska stopnja)";"Moški";"Redni";"03 Družbene vede, novinarstvo in informacijska znanost";303.0;253.0;260.5;303.0
"Visokošolsko univerzitetno (1. bolonjska stopnja)";"Moški";"Redni";"04 Poslovne in upravne vede, pravo";195.0;172.0;147.0;140.0
"Visokošolsko univerzitetno (1. bolonjska stopnja)";"Moški";"Redni";"05 Naravoslovje, matematika in statistika";217.5;222.5;202.5;226.0
"Visokošolsko univerzitetno (1. bolonjska stopnja)";"Moški";"Redni";"06 Informacijske in komunikacijske tehnologije (IKT)";149.5;140.5;174.0;205.0
"Visokošolsko univerzitetno (1. bolonjska stopnja)";"Moški";"Redni";"07 Tehnika, proizvodne tehnologije in gradbeništvo";492.5;511.0;469.0;521.0
"Visokošolsko univerzitetno (1. bolonjska stopnja)";"Moški";"Redni";"08 Kmetijstvo, gozdarstvo, ribištvo in veterinarstvo";36.0;28.0;53.0;37.0
"Visokošolsko univerzitetno (1. bolonjska stopnja)";"Moški";"Redni";"09 Zdravstvo in socialna varnost";15.0;12.0;12.0;10.0
"Visokošolsko univerzitetno (1. bolonjska stopnja)";"Moški";"Redni";"10 Transport, varnost, gostinstvo in turizem, osebne storitve";78.0;108.0;110.0;81.0
"Visokošolsko univerzitetno (1. bolonjska stopnja)";"Moški";"Redni";"99 Podroèje neznano";-;-;-;-
"Visokošolsko univerzitetno (1. bolonjska stopnja)";"Moški";"Izredni";"Podroèja izobraževanja - skupaj";76.0;83.0;44.0;51.0
"Visokošolsko univerzitetno (1. bolonjska stopnja)";"Moški";"Izredni";"01 Izobraževalne znanosti in izobraževanje uèiteljev";5.0;4.0;5.5;8.0
"Visokošolsko univerzitetno (1. bolonjska stopnja)";"Moški";"Izredni";"02 Umetnost in humanistika";14.5;14.0;2.5;5.5
"Visokošolsko univerzitetno (1. bolonjska stopnja)";"Moški";"Izredni";"03 Družbene vede, novinarstvo in informacijska znanost";13.5;19.0;7.0;14.5
"Visokošolsko univerzitetno (1. bolonjska stopnja)";"Moški";"Izredni";"04 Poslovne in upravne vede, pravo";28.0;35.0;16.0;13.0
"Visokošolsko univerzitetno (1. bolonjska stopnja)";"Moški";"Izredni";"05 Naravoslovje, matematika in statistika";2.0;1.0;-;2.0
"Visokošolsko univerzitetno (1. bolonjska stopnja)";"Moški";"Izredni";"06 Informacijske in komunikacijske tehnologije (IKT)";1.0;6.0;3.0;-
"Visokošolsko univerzitetno (1. bolonjska stopnja)";"Moški";"Izredni";"07 Tehnika, proizvodne tehnologije in gradbeništvo";-;-;1.0;-
"Visokošolsko univerzitetno (1. bolonjska stopnja)";"Moški";"Izredni";"08 Kmetijstvo, gozdarstvo, ribištvo in veterinarstvo";-;-;-;-
"Visokošolsko univerzitetno (1. bolonjska stopnja)";"Moški";"Izredni";"09 Zdravstvo in socialna varnost";1.0;-;2.0;-
"Visokošolsko univerzitetno (1. bolonjska stopnja)";"Moški";"Izredni";"10 Transport, varnost, gostinstvo in turizem, osebne storitve";11.0;4.0;7.0;8.0
"Visokošolsko univerzitetno (1. bolonjska stopnja)";"Moški";"Izredni";"99 Podroèje neznano";-;-;-;-
"Visokošolsko univerzitetno (1. bolonjska stopnja)";"Ženske";"Redni";"Podroèja izobraževanja - skupaj";3044.0;2920.0;2896.0;2839.0
"Visokošolsko univerzitetno (1. bolonjska stopnja)";"Ženske";"Redni";"01 Izobraževalne znanosti in izobraževanje uèiteljev";523.5;481.5;478.5;517.0
"Visokošolsko univerzitetno (1. bolonjska stopnja)";"Ženske";"Redni";"02 Umetnost in humanistika";544.5;496.0;490.5;426.5
"Visokošolsko univerzitetno (1. bolonjska stopnja)";"Ženske";"Redni";"03 Družbene vede, novinarstvo in informacijska znanost";637.5;595.5;625.5;600.5
"Visokošolsko univerzitetno (1. bolonjska stopnja)";"Ženske";"Redni";"04 Poslovne in upravne vede, pravo";342.0;331.0;359.0;337.0
"Visokošolsko univerzitetno (1. bolonjska stopnja)";"Ženske";"Redni";"05 Naravoslovje, matematika in statistika";410.0;393.0;356.5;386.0
"Visokošolsko univerzitetno (1. bolonjska stopnja)";"Ženske";"Redni";"06 Informacijske in komunikacijske tehnologije (IKT)";45.0;53.0;63.5;50.0
"Visokošolsko univerzitetno (1. bolonjska stopnja)";"Ženske";"Redni";"07 Tehnika, proizvodne tehnologije in gradbeništvo";219.5;231.0;198.5;227.0
"Visokošolsko univerzitetno (1. bolonjska stopnja)";"Ženske";"Redni";"08 Kmetijstvo, gozdarstvo, ribištvo in veterinarstvo";37.0;73.0;71.0;53.0
"Visokošolsko univerzitetno (1. bolonjska stopnja)";"Ženske";"Redni";"09 Zdravstvo in socialna varnost";152.0;144.0;137.0;132.0
"Visokošolsko univerzitetno (1. bolonjska stopnja)";"Ženske";"Redni";"10 Transport, varnost, gostinstvo in turizem, osebne storitve";133.0;122.0;116.0;110.0
"Visokošolsko univerzitetno (1. bolonjska stopnja)";"Ženske";"Redni";"99 Podroèje neznano";-;-;-;-
"Visokošolsko univerzitetno (1. bolonjska stopnja)";"Ženske";"Izredni";"Podroèja izobraževanja - skupaj";206.0;161.0;123.0;130.0
"Visokošolsko univerzitetno (1. bolonjska stopnja)";"Ženske";"Izredni";"01 Izobraževalne znanosti in izobraževanje uèiteljev";47.5;40.5;39.0;49.0
"Visokošolsko univerzitetno (1. bolonjska stopnja)";"Ženske";"Izredni";"02 Umetnost in humanistika";27.0;13.5;8.0;11.0
"Visokošolsko univerzitetno (1. bolonjska stopnja)";"Ženske";"Izredni";"03 Družbene vede, novinarstvo in informacijska znanost";43.5;20.0;17.0;16.0
"Visokošolsko univerzitetno (1. bolonjska stopnja)";"Ženske";"Izredni";"04 Poslovne in upravne vede, pravo";69.0;74.0;45.0;40.0
"Visokošolsko univerzitetno (1. bolonjska stopnja)";"Ženske";"Izredni";"05 Naravoslovje, matematika in statistika";-;-;1.0;-
"Visokošolsko univerzitetno (1. bolonjska stopnja)";"Ženske";"Izredni";"06 Informacijske in komunikacijske tehnologije (IKT)";-;-;-;-
"Visokošolsko univerzitetno (1. bolonjska stopnja)";"Ženske";"Izredni";"07 Tehnika, proizvodne tehnologije in gradbeništvo";-;-;-;-
"Visokošolsko univerzitetno (1. bolonjska stopnja)";"Ženske";"Izredni";"08 Kmetijstvo, gozdarstvo, ribištvo in veterinarstvo";-;-;-;-
"Visokošolsko univerzitetno (1. bolonjska stopnja)";"Ženske";"Izredni";"09 Zdravstvo in socialna varnost";17.0;6.0;3.0;10.0
"Visokošolsko univerzitetno (1. bolonjska stopnja)";"Ženske";"Izredni";"10 Transport, varnost, gostinstvo in turizem, osebne storitve";2.0;7.0;10.0;4.0
"Visokošolsko univerzitetno (1. bolonjska stopnja)";"Ženske";"Izredni";"99 Podroèje neznano";-;-;-;-
"Magistrsko (2. bolonjska stopnja) - enovito magistrsko";"Spol - SKUPAJ";"Redni";"Podroèja izobraževanja - skupaj";709.0;634.0;671.0;552.0
"Magistrsko (2. bolonjska stopnja) - enovito magistrsko";"Spol - SKUPAJ";"Redni";"01 Izobraževalne znanosti in izobraževanje uèiteljev";7.0;6.0;5.0;4.0
"Magistrsko (2. bolonjska stopnja) - enovito magistrsko";"Spol - SKUPAJ";"Redni";"02 Umetnost in humanistika";14.0;7.0;6.0;7.0
"Magistrsko (2. bolonjska stopnja) - enovito magistrsko";"Spol - SKUPAJ";"Redni";"03 Družbene vede, novinarstvo in informacijska znanost";-;-;-;-
"Magistrsko (2. bolonjska stopnja) - enovito magistrsko";"Spol - SKUPAJ";"Redni";"04 Poslovne in upravne vede, pravo";-;-;-;-
"Magistrsko (2. bolonjska stopnja) - enovito magistrsko";"Spol - SKUPAJ";"Redni";"05 Naravoslovje, matematika in statistika";-;-;-;-
"Magistrsko (2. bolonjska stopnja) - enovito magistrsko";"Spol - SKUPAJ";"Redni";"06 Informacijske in komunikacijske tehnologije (IKT)";-;-;-;-
"Magistrsko (2. bolonjska stopnja) - enovito magistrsko";"Spol - SKUPAJ";"Redni";"07 Tehnika, proizvodne tehnologije in gradbeništvo";106.0;124.0;107.0;90.0
"Magistrsko (2. bolonjska stopnja) - enovito magistrsko";"Spol - SKUPAJ";"Redni";"08 Kmetijstvo, gozdarstvo, ribištvo in veterinarstvo";40.0;48.0;67.0;40.0
"Magistrsko (2. bolonjska stopnja) - enovito magistrsko";"Spol - SKUPAJ";"Redni";"09 Zdravstvo in socialna varnost";542.0;449.0;486.0;411.0
"Magistrsko (2. bolonjska stopnja) - enovito magistrsko";"Spol - SKUPAJ";"Redni";"10 Transport, varnost, gostinstvo in turizem, osebne storitve";-;-;-;-
"Magistrsko (2. bolonjska stopnja) - enovito magistrsko";"Spol - SKUPAJ";"Redni";"99 Podroèje neznano";-;-;-;-
"Magistrsko (2. bolonjska stopnja) - enovito magistrsko";"Spol - SKUPAJ";"Izredni";"Podroèja izobraževanja - skupaj";2.0;5.0;8.0;3.0
"Magistrsko (2. bolonjska stopnja) - enovito magistrsko";"Spol - SKUPAJ";"Izredni";"01 Izobraževalne znanosti in izobraževanje uèiteljev";-;-;-;-
"Magistrsko (2. bolonjska stopnja) - enovito magistrsko";"Spol - SKUPAJ";"Izredni";"02 Umetnost in humanistika";2.0;1.0;3.0;1.0
"Magistrsko (2. bolonjska stopnja) - enovito magistrsko";"Spol - SKUPAJ";"Izredni";"03 Družbene vede, novinarstvo in informacijska znanost";-;-;-;-
"Magistrsko (2. bolonjska stopnja) - enovito magistrsko";"Spol - SKUPAJ";"Izredni";"04 Poslovne in upravne vede, pravo";-;-;-;-
"Magistrsko (2. bolonjska stopnja) - enovito magistrsko";"Spol - SKUPAJ";"Izredni";"05 Naravoslovje, matematika in statistika";-;-;-;-
"Magistrsko (2. bolonjska stopnja) - enovito magistrsko";"Spol - SKUPAJ";"Izredni";"06 Informacijske in komunikacijske tehnologije (IKT)";-;-;-;-
"Magistrsko (2. bolonjska stopnja) - enovito magistrsko";"Spol - SKUPAJ";"Izredni";"07 Tehnika, proizvodne tehnologije in gradbeništvo";-;4.0;5.0;2.0
"Magistrsko (2. bolonjska stopnja) - enovito magistrsko";"Spol - SKUPAJ";"Izredni";"08 Kmetijstvo, gozdarstvo, ribištvo in veterinarstvo";-;-;-;-
"Magistrsko (2. bolonjska stopnja) - enovito magistrsko";"Spol - SKUPAJ";"Izredni";"09 Zdravstvo in socialna varnost";-;-;-;-
"Magistrsko (2. bolonjska stopnja) - enovito magistrsko";"Spol - SKUPAJ";"Izredni";"10 Transport, varnost, gostinstvo in turizem, osebne storitve";-;-;-;-
"Magistrsko (2. bolonjska stopnja) - enovito magistrsko";"Spol - SKUPAJ";"Izredni";"99 Podroèje neznano";-;-;-;-
"Magistrsko (2. bolonjska stopnja) - enovito magistrsko";"Moški";"Redni";"Podroèja izobraževanja - skupaj";235.0;-;202.0;162.0
"Magistrsko (2. bolonjska stopnja) - enovito magistrsko";"Moški";"Redni";"01 Izobraževalne znanosti in izobraževanje uèiteljev";2.0;1.0;1.0;1.0
"Magistrsko (2. bolonjska stopnja) - enovito magistrsko";"Moški";"Redni";"02 Umetnost in humanistika";13.0;7.0;4.0;7.0
"Magistrsko (2. bolonjska stopnja) - enovito magistrsko";"Moški";"Redni";"03 Družbene vede, novinarstvo in informacijska znanost";-;-;-;-
"Magistrsko (2. bolonjska stopnja) - enovito magistrsko";"Moški";"Redni";"04 Poslovne in upravne vede, pravo";-;-;-;-
"Magistrsko (2. bolonjska stopnja) - enovito magistrsko";"Moški";"Redni";"05 Naravoslovje, matematika in statistika";-;-;-;-
"Magistrsko (2. bolonjska stopnja) - enovito magistrsko";"Moški";"Redni";"06 Informacijske in komunikacijske tehnologije (IKT)";-;-;-;-
"Magistrsko (2. bolonjska stopnja) - enovito magistrsko";"Moški";"Redni";"07 Tehnika, proizvodne tehnologije in gradbeništvo";38.0;61.0;32.0;30.0
"Magistrsko (2. bolonjska stopnja) - enovito magistrsko";"Moški";"Redni";"08 Kmetijstvo, gozdarstvo, ribištvo in veterinarstvo";12.0;13.0;18.0;7.0
"Magistrsko (2. bolonjska stopnja) - enovito magistrsko";"Moški";"Redni";"09 Zdravstvo in socialna varnost";170.0;135.0;147.0;117.0
"Magistrsko (2. bolonjska stopnja) - enovito magistrsko";"Moški";"Redni";"10 Transport, varnost, gostinstvo in turizem, osebne storitve";-;-;-;-
"Magistrsko (2. bolonjska stopnja) - enovito magistrsko";"Moški";"Redni";"99 Podroèje neznano";-;-;-;-
"Magistrsko (2. bolonjska stopnja) - enovito magistrsko";"Moški";"Izredni";"Podroèja izobraževanja - skupaj";2.0;1.0;5.0;1.0
"Magistrsko (2. bolonjska stopnja) - enovito magistrsko";"Moški";"Izredni";"01 Izobraževalne znanosti in izobraževanje uèiteljev";-;-;-;-
"Magistrsko (2. bolonjska stopnja) - enovito magistrsko";"Moški";"Izredni";"02 Umetnost in humanistika";2.0;1.0;3.0;1.0
"Magistrsko (2. bolonjska stopnja) - enovito magistrsko";"Moški";"Izredni";"03 Družbene vede, novinarstvo in informacijska znanost";-;-;-;-
"Magistrsko (2. bolonjska stopnja) - enovito magistrsko";"Moški";"Izredni";"04 Poslovne in upravne vede, pravo";-;-;-;-
"Magistrsko (2. bolonjska stopnja) - enovito magistrsko";"Moški";"Izredni";"05 Naravoslovje, matematika in statistika";-;-;-;-
"Magistrsko (2. bolonjska stopnja) - enovito magistrsko";"Moški";"Izredni";"06 Informacijske in komunikacijske tehnologije (IKT)";-;-;-;-
"Magistrsko (2. bolonjska stopnja) - enovito magistrsko";"Moški";"Izredni";"07 Tehnika, proizvodne tehnologije in gradbeništvo";-;-;2.0;-
"Magistrsko (2. bolonjska stopnja) - enovito magistrsko";"Moški";"Izredni";"08 Kmetijstvo, gozdarstvo, ribištvo in veterinarstvo";-;-;-;-
"Magistrsko (2. bolonjska stopnja) - enovito magistrsko";"Moški";"Izredni";"09 Zdravstvo in socialna varnost";-;-;-;-
"Magistrsko (2. bolonjska stopnja) - enovito magistrsko";"Moški";"Izredni";"10 Transport, varnost, gostinstvo in turizem, osebne storitve";-;-;-;-
"Magistrsko (2. bolonjska stopnja) - enovito magistrsko";"Moški";"Izredni";"99 Podroèje neznano";-;-;-;-
"Magistrsko (2. bolonjska stopnja) - enovito magistrsko";"Ženske";"Redni";"Podroèja izobraževanja - skupaj";474.0;417.0;469.0;390.0
"Magistrsko (2. bolonjska stopnja) - enovito magistrsko";"Ženske";"Redni";"01 Izobraževalne znanosti in izobraževanje uèiteljev";5.0;5.0;4.0;3.0
"Magistrsko (2. bolonjska stopnja) - enovito magistrsko";"Ženske";"Redni";"02 Umetnost in humanistika";1.0;-;2.0;-
"Magistrsko (2. bolonjska stopnja) - enovito magistrsko";"Ženske";"Redni";"03 Družbene vede, novinarstvo in informacijska znanost";-;-;-;-
"Magistrsko (2. bolonjska stopnja) - enovito magistrsko";"Ženske";"Redni";"04 Poslovne in upravne vede, pravo";-;-;-;-
"Magistrsko (2. bolonjska stopnja) - enovito magistrsko";"Ženske";"Redni";"05 Naravoslovje, matematika in statistika";-;-;-;-
"Magistrsko (2. bolonjska stopnja) - enovito magistrsko";"Ženske";"Redni";"06 Informacijske in komunikacijske tehnologije (IKT)";-;-;-;-
"Magistrsko (2. bolonjska stopnja) - enovito magistrsko";"Ženske";"Redni";"07 Tehnika, proizvodne tehnologije in gradbeništvo";68.0;63.0;75.0;60.0
"Magistrsko (2. bolonjska stopnja) - enovito magistrsko";"Ženske";"Redni";"08 Kmetijstvo, gozdarstvo, ribištvo in veterinarstvo";28.0;35.0;49.0;33.0
"Magistrsko (2. bolonjska stopnja) - enovito magistrsko";"Ženske";"Redni";"09 Zdravstvo in socialna varnost";372.0;314.0;339.0;294.0
"Magistrsko (2. bolonjska stopnja) - enovito magistrsko";"Ženske";"Redni";"10 Transport, varnost, gostinstvo in turizem, osebne storitve";-;-;-;-
"Magistrsko (2. bolonjska stopnja) - enovito magistrsko";"Ženske";"Redni";"99 Podroèje neznano";-;-;-;-
"Magistrsko (2. bolonjska stopnja) - enovito magistrsko";"Ženske";"Izredni";"Podroèja izobraževanja - skupaj";-;4.0;3.0;2.0
"Magistrsko (2. bolonjska stopnja) - enovito magistrsko";"Ženske";"Izredni";"01 Izobraževalne znanosti in izobraževanje uèiteljev";-;-;-;-
"Magistrsko (2. bolonjska stopnja) - enovito magistrsko";"Ženske";"Izredni";"02 Umetnost in humanistika";-;-;-;-
"Magistrsko (2. bolonjska stopnja) - enovito magistrsko";"Ženske";"Izredni";"03 Družbene vede, novinarstvo in informacijska znanost";-;-;-;-
"Magistrsko (2. bolonjska stopnja) - enovito magistrsko";"Ženske";"Izredni";"04 Poslovne in upravne vede, pravo";-;-;-;-
"Magistrsko (2. bolonjska stopnja) - enovito magistrsko";"Ženske";"Izredni";"05 Naravoslovje, matematika in statistika";-;-;-;-
"Magistrsko (2. bolonjska stopnja) - enovito magistrsko";"Ženske";"Izredni";"06 Informacijske in komunikacijske tehnologije (IKT)";-;-;-;-
"Magistrsko (2. bolonjska stopnja) - enovito magistrsko";"Ženske";"Izredni";"07 Tehnika, proizvodne tehnologije in gradbeništvo";-;4.0;3.0;2.0
"Magistrsko (2. bolonjska stopnja) - enovito magistrsko";"Ženske";"Izredni";"08 Kmetijstvo, gozdarstvo, ribištvo in veterinarstvo";-;-;-;-
"Magistrsko (2. bolonjska stopnja) - enovito magistrsko";"Ženske";"Izredni";"09 Zdravstvo in socialna varnost";-;-;-;-
"Magistrsko (2. bolonjska stopnja) - enovito magistrsko";"Ženske";"Izredni";"10 Transport, varnost, gostinstvo in turizem, osebne storitve";-;-;-;-
"Magistrsko (2. bolonjska stopnja) - enovito magistrsko";"Ženske";"Izredni";"99 Podroèje neznano";-;-;-;-
"Magistrsko (2. bolonjska stopnja) - po konèani 1. bolonjski stopnji";"Spol - SKUPAJ";"Redni";"Podroèja izobraževanja - skupaj";3899.0;4263.0;3972.0;3618.0
"Magistrsko (2. bolonjska stopnja) - po konèani 1. bolonjski stopnji";"Spol - SKUPAJ";"Redni";"01 Izobraževalne znanosti in izobraževanje uèiteljev";668.0;766.0;715.5;623.0
"Magistrsko (2. bolonjska stopnja) - po konèani 1. bolonjski stopnji";"Spol - SKUPAJ";"Redni";"02 Umetnost in humanistika";311.5;389.5;317.5;236.5
"Magistrsko (2. bolonjska stopnja) - po konèani 1. bolonjski stopnji";"Spol - SKUPAJ";"Redni";"03 Družbene vede, novinarstvo in informacijska znanost";578.5;539.5;481.0;468.5
"Magistrsko (2. bolonjska stopnja) - po konèani 1. bolonjski stopnji";"Spol - SKUPAJ";"Redni";"04 Poslovne in upravne vede, pravo";914.0;968.0;916.0;859.0
"Magistrsko (2. bolonjska stopnja) - po konèani 1. bolonjski stopnji";"Spol - SKUPAJ";"Redni";"05 Naravoslovje, matematika in statistika";332.0;374.0;367.0;315.0
"Magistrsko (2. bolonjska stopnja) - po konèani 1. bolonjski stopnji";"Spol - SKUPAJ";"Redni";"06 Informacijske in komunikacijske tehnologije (IKT)";123.0;131.0;114.0;122.0
"Magistrsko (2. bolonjska stopnja) - po konèani 1. bolonjski stopnji";"Spol - SKUPAJ";"Redni";"07 Tehnika, proizvodne tehnologije in gradbeništvo";561.0;589.0;626.0;606.0
"Magistrsko (2. bolonjska stopnja) - po konèani 1. bolonjski stopnji";"Spol - SKUPAJ";"Redni";"08 Kmetijstvo, gozdarstvo, ribištvo in veterinarstvo";108.0;160.0;120.0;85.0
"Magistrsko (2. bolonjska stopnja) - po konèani 1. bolonjski stopnji";"Spol - SKUPAJ";"Redni";"09 Zdravstvo in socialna varnost";214.0;235.0;216.0;194.0
"Magistrsko (2. bolonjska stopnja) - po konèani 1. bolonjski stopnji";"Spol - SKUPAJ";"Redni";"10 Transport, varnost, gostinstvo in turizem, osebne storitve";89.0;111.0;99.0;109.0
"Magistrsko (2. bolonjska stopnja) - po konèani 1. bolonjski stopnji";"Spol - SKUPAJ";"Redni";"99 Podroèje neznano";-;-;-;-
"Magistrsko (2. bolonjska stopnja) - po konèani 1. bolonjski stopnji";"Spol - SKUPAJ";"Izredni";"Podroèja izobraževanja - skupaj";539.0;523.0;468.0;505.0
"Magistrsko (2. bolonjska stopnja) - po konèani 1. bolonjski stopnji";"Spol - SKUPAJ";"Izredni";"01 Izobraževalne znanosti in izobraževanje uèiteljev";87.0;108.0;95.0;115.0
"Magistrsko (2. bolonjska stopnja) - po konèani 1. bolonjski stopnji";"Spol - SKUPAJ";"Izredni";"02 Umetnost in humanistika";19.0;5.0;10.0;11.0
"Magistrsko (2. bolonjska stopnja) - po konèani 1. bolonjski stopnji";"Spol - SKUPAJ";"Izredni";"03 Družbene vede, novinarstvo in informacijska znanost";45.0;37.0;25.0;27.0
"Magistrsko (2. bolonjska stopnja) - po konèani 1. bolonjski stopnji";"Spol - SKUPAJ";"Izredni";"04 Poslovne in upravne vede, pravo";281.0;277.0;233.0;262.0
"Magistrsko (2. bolonjska stopnja) - po konèani 1. bolonjski stopnji";"Spol - SKUPAJ";"Izredni";"05 Naravoslovje, matematika in statistika";3.0;4.0;3.0;3.0
"Magistrsko (2. bolonjska stopnja) - po konèani 1. bolonjski stopnji";"Spol - SKUPAJ";"Izredni";"06 Informacijske in komunikacijske tehnologije (IKT)";-;-;-;-
"Magistrsko (2. bolonjska stopnja) - po konèani 1. bolonjski stopnji";"Spol - SKUPAJ";"Izredni";"07 Tehnika, proizvodne tehnologije in gradbeništvo";29.0;24.0;29.0;24.0
"Magistrsko (2. bolonjska stopnja) - po konèani 1. bolonjski stopnji";"Spol - SKUPAJ";"Izredni";"08 Kmetijstvo, gozdarstvo, ribištvo in veterinarstvo";-;-;1.0;-
"Magistrsko (2. bolonjska stopnja) - po konèani 1. bolonjski stopnji";"Spol - SKUPAJ";"Izredni";"09 Zdravstvo in socialna varnost";44.0;52.0;46.0;46.0
"Magistrsko (2. bolonjska stopnja) - po konèani 1. bolonjski stopnji";"Spol - SKUPAJ";"Izredni";"10 Transport, varnost, gostinstvo in turizem, osebne storitve";31.0;16.0;26.0;17.0
"Magistrsko (2. bolonjska stopnja) - po konèani 1. bolonjski stopnji";"Spol - SKUPAJ";"Izredni";"99 Podroèje neznano";-;-;-;-
"Magistrsko (2. bolonjska stopnja) - po konèani 1. bolonjski stopnji";"Moški";"Redni";"Podroèja izobraževanja - skupaj";1315.0;1441.0;1348.0;1279.0
"Magistrsko (2. bolonjska stopnja) - po konèani 1. bolonjski stopnji";"Moški";"Redni";"01 Izobraževalne znanosti in izobraževanje uèiteljev";67.0;115.0;93.0;83.5
"Magistrsko (2. bolonjska stopnja) - po konèani 1. bolonjski stopnji";"Moški";"Redni";"02 Umetnost in humanistika";90.5;104.5;82.0;79.0
"Magistrsko (2. bolonjska stopnja) - po konèani 1. bolonjski stopnji";"Moški";"Redni";"03 Družbene vede, novinarstvo in informacijska znanost";131.5;126.5;100.0;90.5
"Magistrsko (2. bolonjska stopnja) - po konèani 1. bolonjski stopnji";"Moški";"Redni";"04 Poslovne in upravne vede, pravo";279.0;305.0;276.0;288.0
"Magistrsko (2. bolonjska stopnja) - po konèani 1. bolonjski stopnji";"Moški";"Redni";"05 Naravoslovje, matematika in statistika";125.0;143.0;120.0;117.0
"Magistrsko (2. bolonjska stopnja) - po konèani 1. bolonjski stopnji";"Moški";"Redni";"06 Informacijske in komunikacijske tehnologije (IKT)";94.0;106.0;97.0;104.0
"Magistrsko (2. bolonjska stopnja) - po konèani 1. bolonjski stopnji";"Moški";"Redni";"07 Tehnika, proizvodne tehnologije in gradbeništvo";435.0;421.0;445.0;414.0
"Magistrsko (2. bolonjska stopnja) - po konèani 1. bolonjski stopnji";"Moški";"Redni";"08 Kmetijstvo, gozdarstvo, ribištvo in veterinarstvo";32.0;50.0;51.0;27.0
"Magistrsko (2. bolonjska stopnja) - po konèani 1. bolonjski stopnji";"Moški";"Redni";"09 Zdravstvo in socialna varnost";31.0;26.0;40.0;32.0
"Magistrsko (2. bolonjska stopnja) - po konèani 1. bolonjski stopnji";"Moški";"Redni";"10 Transport, varnost, gostinstvo in turizem, osebne storitve";30.0;44.0;44.0;44.0
"Magistrsko (2. bolonjska stopnja) - po konèani 1. bolonjski stopnji";"Moški";"Redni";"99 Podroèje neznano";-;-;-;-
"Magistrsko (2. bolonjska stopnja) - po konèani 1. bolonjski stopnji";"Moški";"Izredni";"Podroèja izobraževanja - skupaj";203.0;175.0;177.0;165.0
"Magistrsko (2. bolonjska stopnja) - po konèani 1. bolonjski stopnji";"Moški";"Izredni";"01 Izobraževalne znanosti in izobraževanje uèiteljev";8.0;8.0;10.0;9.0
"Magistrsko (2. bolonjska stopnja) - po konèani 1. bolonjski stopnji";"Moški";"Izredni";"02 Umetnost in humanistika";5.0;1.0;2.0;3.0
"Magistrsko (2. bolonjska stopnja) - po konèani 1. bolonjski stopnji";"Moški";"Izredni";"03 Družbene vede, novinarstvo in informacijska znanost";15.0;8.0;10.0;5.0
"Magistrsko (2. bolonjska stopnja) - po konèani 1. bolonjski stopnji";"Moški";"Izredni";"04 Poslovne in upravne vede, pravo";122.0;118.0;113.0;121.0
"Magistrsko (2. bolonjska stopnja) - po konèani 1. bolonjski stopnji";"Moški";"Izredni";"05 Naravoslovje, matematika in statistika";2.0;4.0;2.0;1.0
"Magistrsko (2. bolonjska stopnja) - po konèani 1. bolonjski stopnji";"Moški";"Izredni";"06 Informacijske in komunikacijske tehnologije (IKT)";-;-;-;-
"Magistrsko (2. bolonjska stopnja) - po konèani 1. bolonjski stopnji";"Moški";"Izredni";"07 Tehnika, proizvodne tehnologije in gradbeništvo";27.0;18.0;20.0;14.0
"Magistrsko (2. bolonjska stopnja) - po konèani 1. bolonjski stopnji";"Moški";"Izredni";"08 Kmetijstvo, gozdarstvo, ribištvo in veterinarstvo";-;-;-;-
"Magistrsko (2. bolonjska stopnja) - po konèani 1. bolonjski stopnji";"Moški";"Izredni";"09 Zdravstvo in socialna varnost";11.0;9.0;7.0;8.0
"Magistrsko (2. bolonjska stopnja) - po konèani 1. bolonjski stopnji";"Moški";"Izredni";"10 Transport, varnost, gostinstvo in turizem, osebne storitve";13.0;9.0;13.0;4.0
"Magistrsko (2. bolonjska stopnja) - po konèani 1. bolonjski stopnji";"Moški";"Izredni";"99 Podroèje neznano";-;-;-;-
"Magistrsko (2. bolonjska stopnja) - po konèani 1. bolonjski stopnji";"Ženske";"Redni";"Podroèja izobraževanja - skupaj";2584.0;2822.0;2624.0;2339.0
"Magistrsko (2. bolonjska stopnja) - po konèani 1. bolonjski stopnji";"Ženske";"Redni";"01 Izobraževalne znanosti in izobraževanje uèiteljev";601.0;651.0;622.5;539.5
"Magistrsko (2. bolonjska stopnja) - po konèani 1. bolonjski stopnji";"Ženske";"Redni";"02 Umetnost in humanistika";221.0;285.0;235.5;157.5
"Magistrsko (2. bolonjska stopnja) - po konèani 1. bolonjski stopnji";"Ženske";"Redni";"03 Družbene vede, novinarstvo in informacijska znanost";447.0;413.0;381.0;378.0
"Magistrsko (2. bolonjska stopnja) - po konèani 1. bolonjski stopnji";"Ženske";"Redni";"04 Poslovne in upravne vede, pravo";635.0;663.0;640.0;571.0
"Magistrsko (2. bolonjska stopnja) - po konèani 1. bolonjski stopnji";"Ženske";"Redni";"05 Naravoslovje, matematika in statistika";207.0;231.0;247.0;198.0
"Magistrsko (2. bolonjska stopnja) - po konèani 1. bolonjski stopnji";"Ženske";"Redni";"06 Informacijske in komunikacijske tehnologije (IKT)";29.0;25.0;17.0;18.0
"Magistrsko (2. bolonjska stopnja) - po konèani 1. bolonjski stopnji";"Ženske";"Redni";"07 Tehnika, proizvodne tehnologije in gradbeništvo";126.0;168.0;181.0;192.0
"Magistrsko (2. bolonjska stopnja) - po konèani 1. bolonjski stopnji";"Ženske";"Redni";"08 Kmetijstvo, gozdarstvo, ribištvo in veterinarstvo";76.0;110.0;69.0;58.0
"Magistrsko (2. bolonjska stopnja) - po konèani 1. bolonjski stopnji";"Ženske";"Redni";"09 Zdravstvo in socialna varnost";183.0;209.0;176.0;162.0
"Magistrsko (2. bolonjska stopnja) - po konèani 1. bolonjski stopnji";"Ženske";"Redni";"10 Transport, varnost, gostinstvo in turizem, osebne storitve";59.0;67.0;55.0;65.0
"Magistrsko (2. bolonjska stopnja) - po konèani 1. bolonjski stopnji";"Ženske";"Redni";"99 Podroèje neznano";-;-;-;-
"Magistrsko (2. bolonjska stopnja) - po konèani 1. bolonjski stopnji";"Ženske";"Izredni";"Podroèja izobraževanja - skupaj";336.0;348.0;291.0;340.0
"Magistrsko (2. bolonjska stopnja) - po konèani 1. bolonjski stopnji";"Ženske";"Izredni";"01 Izobraževalne znanosti in izobraževanje uèiteljev";79.0;100.0;85.0;106.0
"Magistrsko (2. bolonjska stopnja) - po konèani 1. bolonjski stopnji";"Ženske";"Izredni";"02 Umetnost in humanistika";14.0;4.0;8.0;8.0
"Magistrsko (2. bolonjska stopnja) - po konèani 1. bolonjski stopnji";"Ženske";"Izredni";"03 Družbene vede, novinarstvo in informacijska znanost";30.0;29.0;15.0;22.0
"Magistrsko (2. bolonjska stopnja) - po konèani 1. bolonjski stopnji";"Ženske";"Izredni";"04 Poslovne in upravne vede, pravo";159.0;159.0;120.0;141.0
"Magistrsko (2. bolonjska stopnja) - po konèani 1. bolonjski stopnji";"Ženske";"Izredni";"05 Naravoslovje, matematika in statistika";1.0;-;1.0;2.0
"Magistrsko (2. bolonjska stopnja) - po konèani 1. bolonjski stopnji";"Ženske";"Izredni";"06 Informacijske in komunikacijske tehnologije (IKT)";-;-;-;-
"Magistrsko (2. bolonjska stopnja) - po konèani 1. bolonjski stopnji";"Ženske";"Izredni";"07 Tehnika, proizvodne tehnologije in gradbeništvo";2.0;6.0;9.0;10.0
"Magistrsko (2. bolonjska stopnja) - po konèani 1. bolonjski stopnji";"Ženske";"Izredni";"08 Kmetijstvo, gozdarstvo, ribištvo in veterinarstvo";-;-;1.0;-
"Magistrsko (2. bolonjska stopnja) - po konèani 1. bolonjski stopnji";"Ženske";"Izredni";"09 Zdravstvo in socialna varnost";33.0;43.0;39.0;38.0
"Magistrsko (2. bolonjska stopnja) - po konèani 1. bolonjski stopnji";"Ženske";"Izredni";"10 Transport, varnost, gostinstvo in turizem, osebne storitve";18.0;7.0;13.0;13.0
"Magistrsko (2. bolonjska stopnja) - po konèani 1. bolonjski stopnji";"Ženske";"Izredni";"99 Podroèje neznano";-;-;-;-
"Doktorsko (3. bolonjska stopnja)";"Spol - SKUPAJ";"Redni";"Podroèja izobraževanja - skupaj";131.0;118.0;124.0;101.0
"Doktorsko (3. bolonjska stopnja)";"Spol - SKUPAJ";"Redni";"01 Izobraževalne znanosti in izobraževanje uèiteljev";1.0;3.0;-;-
"Doktorsko (3. bolonjska stopnja)";"Spol - SKUPAJ";"Redni";"02 Umetnost in humanistika";24.0;12.0;14.0;8.0
"Doktorsko (3. bolonjska stopnja)";"Spol - SKUPAJ";"Redni";"03 Družbene vede, novinarstvo in informacijska znanost";11.0;9.0;12.0;12.0
"Doktorsko (3. bolonjska stopnja)";"Spol - SKUPAJ";"Redni";"04 Poslovne in upravne vede, pravo";16.0;15.0;18.0;16.0
"Doktorsko (3. bolonjska stopnja)";"Spol - SKUPAJ";"Redni";"05 Naravoslovje, matematika in statistika";19.0;28.0;31.0;16.0
"Doktorsko (3. bolonjska stopnja)";"Spol - SKUPAJ";"Redni";"06 Informacijske in komunikacijske tehnologije (IKT)";8.0;10.0;3.0;7.0
"Doktorsko (3. bolonjska stopnja)";"Spol - SKUPAJ";"Redni";"07 Tehnika, proizvodne tehnologije in gradbeništvo";52.0;41.0;40.0;40.0
"Doktorsko (3. bolonjska stopnja)";"Spol - SKUPAJ";"Redni";"08 Kmetijstvo, gozdarstvo, ribištvo in veterinarstvo";-;-;-;-
"Doktorsko (3. bolonjska stopnja)";"Spol - SKUPAJ";"Redni";"09 Zdravstvo in socialna varnost";-;-;-;-
"Doktorsko (3. bolonjska stopnja)";"Spol - SKUPAJ";"Redni";"10 Transport, varnost, gostinstvo in turizem, osebne storitve";-;-;6.0;2.0
"Doktorsko (3. bolonjska stopnja)";"Spol - SKUPAJ";"Redni";"99 Podroèje neznano";-;-;-;-
"Doktorsko (3. bolonjska stopnja)";"Spol - SKUPAJ";"Izredni";"Podroèja izobraževanja - skupaj";383.0;343.0;353.0;330.0
"Doktorsko (3. bolonjska stopnja)";"Spol - SKUPAJ";"Izredni";"01 Izobraževalne znanosti in izobraževanje uèiteljev";17.0;18.0;20.0;12.0
"Doktorsko (3. bolonjska stopnja)";"Spol - SKUPAJ";"Izredni";"02 Umetnost in humanistika";85.0;78.0;72.0;67.0
"Doktorsko (3. bolonjska stopnja)";"Spol - SKUPAJ";"Izredni";"03 Družbene vede, novinarstvo in informacijska znanost";12.0;7.0;16.0;8.0
"Doktorsko (3. bolonjska stopnja)";"Spol - SKUPAJ";"Izredni";"04 Poslovne in upravne vede, pravo";33.0;37.0;29.0;30.0
"Doktorsko (3. bolonjska stopnja)";"Spol - SKUPAJ";"Izredni";"05 Naravoslovje, matematika in statistika";67.0;60.0;68.0;72.0
"Doktorsko (3. bolonjska stopnja)";"Spol - SKUPAJ";"Izredni";"06 Informacijske in komunikacijske tehnologije (IKT)";9.0;18.0;9.0;3.0
"Doktorsko (3. bolonjska stopnja)";"Spol - SKUPAJ";"Izredni";"07 Tehnika, proizvodne tehnologije in gradbeništvo";55.0;37.0;43.0;46.0
"Doktorsko (3. bolonjska stopnja)";"Spol - SKUPAJ";"Izredni";"08 Kmetijstvo, gozdarstvo, ribištvo in veterinarstvo";2.0;1.0;3.0;2.0
"Doktorsko (3. bolonjska stopnja)";"Spol - SKUPAJ";"Izredni";"09 Zdravstvo in socialna varnost";96.0;78.0;83.0;86.0
"Doktorsko (3. bolonjska stopnja)";"Spol - SKUPAJ";"Izredni";"10 Transport, varnost, gostinstvo in turizem, osebne storitve";7.0;9.0;10.0;4.0
"Doktorsko (3. bolonjska stopnja)";"Spol - SKUPAJ";"Izredni";"99 Podroèje neznano";-;-;-;-
"Doktorsko (3. bolonjska stopnja)";"Moški";"Redni";"Podroèja izobraževanja - skupaj";77.0;61.0;60.0;62.0
"Doktorsko (3. bolonjska stopnja)";"Moški";"Redni";"01 Izobraževalne znanosti in izobraževanje uèiteljev";-;3.0;-;-
"Doktorsko (3. bolonjska stopnja)";"Moški";"Redni";"02 Umetnost in humanistika";9.0;5.0;3.0;3.0
"Doktorsko (3. bolonjska stopnja)";"Moški";"Redni";"03 Družbene vede, novinarstvo in informacijska znanost";6.0;3.0;6.0;9.0
"Doktorsko (3. bolonjska stopnja)";"Moški";"Redni";"04 Poslovne in upravne vede, pravo";5.0;7.0;10.0;7.0
"Doktorsko (3. bolonjska stopnja)";"Moški";"Redni";"05 Naravoslovje, matematika in statistika";8.0;11.0;13.0;9.0
"Doktorsko (3. bolonjska stopnja)";"Moški";"Redni";"06 Informacijske in komunikacijske tehnologije (IKT)";8.0;8.0;3.0;7.0
"Doktorsko (3. bolonjska stopnja)";"Moški";"Redni";"07 Tehnika, proizvodne tehnologije in gradbeništvo";41.0;24.0;22.0;27.0
"Doktorsko (3. bolonjska stopnja)";"Moški";"Redni";"08 Kmetijstvo, gozdarstvo, ribištvo in veterinarstvo";-;-;-;-
"Doktorsko (3. bolonjska stopnja)";"Moški";"Redni";"09 Zdravstvo in socialna varnost";-;-;-;-
"Doktorsko (3. bolonjska stopnja)";"Moški";"Redni";"10 Transport, varnost, gostinstvo in turizem, osebne storitve";-;-;3.0;-
"Doktorsko (3. bolonjska stopnja)";"Moški";"Redni";"99 Podroèje neznano";-;-;-;-
"Doktorsko (3. bolonjska stopnja)";"Moški";"Izredni";"Podroèja izobraževanja - skupaj";191.0;151.0;158.0;148.0
"Doktorsko (3. bolonjska stopnja)";"Moški";"Izredni";"01 Izobraževalne znanosti in izobraževanje uèiteljev";5.0;1.0;2.0;-
"Doktorsko (3. bolonjska stopnja)";"Moški";"Izredni";"02 Umetnost in humanistika";33.0;29.0;25.0;29.0
"Doktorsko (3. bolonjska stopnja)";"Moški";"Izredni";"03 Družbene vede, novinarstvo in informacijska znanost";5.0;3.0;6.0;3.0
"Doktorsko (3. bolonjska stopnja)";"Moški";"Izredni";"04 Poslovne in upravne vede, pravo";21.0;19.0;12.0;18.0
"Doktorsko (3. bolonjska stopnja)";"Moški";"Izredni";"05 Naravoslovje, matematika in statistika";35.0;33.0;32.0;38.0
"Doktorsko (3. bolonjska stopnja)";"Moški";"Izredni";"06 Informacijske in komunikacijske tehnologije (IKT)";9.0;15.0;9.0;3.0
"Doktorsko (3. bolonjska stopnja)";"Moški";"Izredni";"07 Tehnika, proizvodne tehnologije in gradbeništvo";39.0;26.0;32.0;27.0
"Doktorsko (3. bolonjska stopnja)";"Moški";"Izredni";"08 Kmetijstvo, gozdarstvo, ribištvo in veterinarstvo";2.0;1.0;2.0;2.0
"Doktorsko (3. bolonjska stopnja)";"Moški";"Izredni";"09 Zdravstvo in socialna varnost";39.0;20.0;29.0;25.0
"Doktorsko (3. bolonjska stopnja)";"Moški";"Izredni";"10 Transport, varnost, gostinstvo in turizem, osebne storitve";3.0;4.0;9.0;3.0
"Doktorsko (3. bolonjska stopnja)";"Moški";"Izredni";"99 Podroèje neznano";-;-;-;-
"Doktorsko (3. bolonjska stopnja)";"Ženske";"Redni";"Podroèja izobraževanja - skupaj";54.0;57.0;64.0;39.0
"Doktorsko (3. bolonjska stopnja)";"Ženske";"Redni";"01 Izobraževalne znanosti in izobraževanje uèiteljev";1.0;-;-;-
"Doktorsko (3. bolonjska stopnja)";"Ženske";"Redni";"02 Umetnost in humanistika";15.0;7.0;11.0;5.0
"Doktorsko (3. bolonjska stopnja)";"Ženske";"Redni";"03 Družbene vede, novinarstvo in informacijska znanost";5.0;6.0;6.0;3.0
"Doktorsko (3. bolonjska stopnja)";"Ženske";"Redni";"04 Poslovne in upravne vede, pravo";11.0;8.0;8.0;9.0
"Doktorsko (3. bolonjska stopnja)";"Ženske";"Redni";"05 Naravoslovje, matematika in statistika";11.0;17.0;18.0;7.0
"Doktorsko (3. bolonjska stopnja)";"Ženske";"Redni";"06 Informacijske in komunikacijske tehnologije (IKT)";-;2.0;-;-
"Doktorsko (3. bolonjska stopnja)";"Ženske";"Redni";"07 Tehnika, proizvodne tehnologije in gradbeništvo";11.0;17.0;18.0;13.0
"Doktorsko (3. bolonjska stopnja)";"Ženske";"Redni";"08 Kmetijstvo, gozdarstvo, ribištvo in veterinarstvo";-;-;-;-
"Doktorsko (3. bolonjska stopnja)";"Ženske";"Redni";"09 Zdravstvo in socialna varnost";-;-;-;-
"Doktorsko (3. bolonjska stopnja)";"Ženske";"Redni";"10 Transport, varnost, gostinstvo in turizem, osebne storitve";-;-;3.0;2.0
"Doktorsko (3. bolonjska stopnja)";"Ženske";"Redni";"99 Podroèje neznano";-;-;-;-
"Doktorsko (3. bolonjska stopnja)";"Ženske";"Izredni";"Podroèja izobraževanja - skupaj";192.0;192.0;195.0;182.0
"Doktorsko (3. bolonjska stopnja)";"Ženske";"Izredni";"01 Izobraževalne znanosti in izobraževanje uèiteljev";12.0;17.0;18.0;12.0
"Doktorsko (3. bolonjska stopnja)";"Ženske";"Izredni";"02 Umetnost in humanistika";52.0;49.0;47.0;38.0
"Doktorsko (3. bolonjska stopnja)";"Ženske";"Izredni";"03 Družbene vede, novinarstvo in informacijska znanost";7.0;4.0;10.0;5.0
"Doktorsko (3. bolonjska stopnja)";"Ženske";"Izredni";"04 Poslovne in upravne vede, pravo";12.0;18.0;17.0;12.0
"Doktorsko (3. bolonjska stopnja)";"Ženske";"Izredni";"05 Naravoslovje, matematika in statistika";32.0;27.0;36.0;34.0
"Doktorsko (3. bolonjska stopnja)";"Ženske";"Izredni";"06 Informacijske in komunikacijske tehnologije (IKT)";-;3.0;-;-
"Doktorsko (3. bolonjska stopnja)";"Ženske";"Izredni";"07 Tehnika, proizvodne tehnologije in gradbeništvo";16.0;11.0;11.0;19.0
"Doktorsko (3. bolonjska stopnja)";"Ženske";"Izredni";"08 Kmetijstvo, gozdarstvo, ribištvo in veterinarstvo";-;-;1.0;-
"Doktorsko (3. bolonjska stopnja)";"Ženske";"Izredni";"09 Zdravstvo in socialna varnost";57.0;58.0;54.0;61.0
"Doktorsko (3. bolonjska stopnja)";"Ženske";"Izredni";"10 Transport, varnost, gostinstvo in turizem, osebne storitve";4.0;5.0;1.0;1.0
"Doktorsko (3. bolonjska stopnja)";"Ženske";"Izredni";"99 Podroèje neznano";-;-;-;-
