"Študenti terciarnega izobraževanja po podroèju izobraževanja (KLASIUS-P-16, 1. raven), spolu, naèinu študija in vrsti izobraževanja, Slovenija, letno"

"VRSTA IZOBRAŽEVANJA";"NAÈIN ŠTUDIJA";"PODROÈJE IZOBRAŽEVANJA (KLASIUS-P-16)";"2017/18 Spol - SKUPAJ";"2017/18 Moški";"2017/18 Ženske";"2018/19 Spol - SKUPAJ";"2018/19 Moški";"2018/19 Ženske";"2019/20 Spol - SKUPAJ";"2019/20 Moški";"2019/20 Ženske";"2020/21 Spol - SKUPAJ";"2020/21 Moški";"2020/21 Ženske"
"Vrsta izobraževanja - SKUPAJ";"Redni";"Podroèje izobraževanja - SKUPAJ";60343.0;25459.0;34884.0;59133.0;24867.0;34266.0;58867.0;25010.0;33857.0;63192.0;26790.0;36402.0
"Vrsta izobraževanja - SKUPAJ";"Redni";"01 Izobraževalne znanosti in izobraževanje uèiteljev";5613.0;772.5;4840.5;5428.0;741.0;4687.0;5281.5;727.0;4554.5;5636.5;821.5;4815.0
"Vrsta izobraževanja - SKUPAJ";"Redni";"02 Umetnost in humanistika";5938.5;1908.0;4030.5;5849.0;1815.0;4034.0;5449.5;1740.5;3709.0;5912.5;1849.0;4063.5
"Vrsta izobraževanja - SKUPAJ";"Redni";"03 Družbene vede, novinarstvo in informacijska znanost";6059.0;2002.0;4057.0;5946.5;1971.0;3975.5;5938.5;1931.5;4007.0;6473.0;2111.5;4361.5
"Vrsta izobraževanja - SKUPAJ";"Redni";"04 Poslovne in upravne vede, pravo";9609.0;3426.0;6183.0;9307.0;3315.0;5992.0;9312.0;3388.0;5924.0;10156.0;3734.0;6422.0
"Vrsta izobraževanja - SKUPAJ";"Redni";"05 Naravoslovje, matematika in statistika";4212.0;1677.5;2534.5;4169.5;1712.0;2457.5;4243.5;1780.0;2463.5;4601.0;1910.0;2691.0
"Vrsta izobraževanja - SKUPAJ";"Redni";"06 Informacijske in komunikacijske tehnologije (IKT)";3147.5;2700.0;447.5;3231.0;2751.0;480.0;3537.0;2940.0;597.0;3854.0;3164.0;690.0
"Vrsta izobraževanja - SKUPAJ";"Redni";"07 Tehnika, proizvodne tehnologije in gradbeništvo";11844.0;8631.0;3213.0;11625.0;8500.0;3125.0;11861.0;8546.0;3315.0;12302.0;8882.0;3420.0
"Vrsta izobraževanja - SKUPAJ";"Redni";"08 Kmetijstvo, gozdarstvo, ribištvo in veterinarstvo";2357.0;934.0;1423.0;2219.0;819.0;1400.0;2122.0;833.0;1289.0;2192.0;849.0;1343.0
"Vrsta izobraževanja - SKUPAJ";"Redni";"09 Zdravstvo in socialna varnost";7052.0;1517.0;5535.0;7016.0;1464.0;5552.0;6918.0;1407.0;5511.0;7558.0;1546.0;6012.0
"Vrsta izobraževanja - SKUPAJ";"Redni";"10 Transport, varnost, gostinstvo in turizem, osebne storitve";4511.0;1891.0;2620.0;4342.0;1779.0;2563.0;4204.0;1717.0;2487.0;4507.0;1923.0;2584.0
"Vrsta izobraževanja - SKUPAJ";"Izredni";"Podroèje izobraževanja - SKUPAJ";16191.0;7031.0;9160.0;16858.0;7321.0;9537.0;17861.0;7742.0;10119.0;19502.0;8202.0;11300.0
"Vrsta izobraževanja - SKUPAJ";"Izredni";"01 Izobraževalne znanosti in izobraževanje uèiteljev";1808.0;170.0;1638.0;1787.5;170.0;1617.5;1763.5;162.5;1601.0;1908.0;192.0;1716.0
"Vrsta izobraževanja - SKUPAJ";"Izredni";"02 Umetnost in humanistika";952.5;357.0;595.5;1078.0;385.5;692.5;1142.5;415.5;727.0;1082.0;418.0;664.0
"Vrsta izobraževanja - SKUPAJ";"Izredni";"03 Družbene vede, novinarstvo in informacijska znanost";515.5;227.0;288.5;547.5;207.5;340.0;606.0;225.0;381.0;961.0;345.0;616.0
"Vrsta izobraževanja - SKUPAJ";"Izredni";"04 Poslovne in upravne vede, pravo";4497.0;1858.0;2639.0;4477.0;1803.0;2674.0;4846.0;1971.0;2875.0;5279.0;2091.0;3188.0
"Vrsta izobraževanja - SKUPAJ";"Izredni";"05 Naravoslovje, matematika in statistika";430.0;209.0;221.0;481.0;244.0;237.0;523.0;257.0;266.0;534.0;252.0;282.0
"Vrsta izobraževanja - SKUPAJ";"Izredni";"06 Informacijske in komunikacijske tehnologije (IKT)";538.0;465.0;73.0;611.0;528.0;83.0;721.0;608.0;113.0;778.0;654.0;124.0
"Vrsta izobraževanja - SKUPAJ";"Izredni";"07 Tehnika, proizvodne tehnologije in gradbeništvo";2214.0;1809.0;405.0;2349.0;1913.0;436.0;2437.0;1995.0;442.0;2428.0;1979.0;449.0
"Vrsta izobraževanja - SKUPAJ";"Izredni";"08 Kmetijstvo, gozdarstvo, ribištvo in veterinarstvo";77.0;42.0;35.0;101.0;49.0;52.0;90.0;48.0;42.0;114.0;62.0;52.0
"Vrsta izobraževanja - SKUPAJ";"Izredni";"09 Zdravstvo in socialna varnost";3056.0;921.0;2135.0;3208.0;947.0;2261.0;3436.0;985.0;2451.0;4143.0;1158.0;2985.0
"Vrsta izobraževanja - SKUPAJ";"Izredni";"10 Transport, varnost, gostinstvo in turizem, osebne storitve";2103.0;973.0;1130.0;2218.0;1074.0;1144.0;2296.0;1075.0;1221.0;2275.0;1051.0;1224.0
"Višje strokovno";"Redni";"Podroèje izobraževanja - SKUPAJ";5964.0;3690.0;2274.0;5707.0;3646.0;2061.0;5540.0;3569.0;1971.0;5551.0;3619.0;1932.0
"Višje strokovno";"Redni";"01 Izobraževalne znanosti in izobraževanje uèiteljev";-;-;-;-;-;-;-;-;-;-;-;-
"Višje strokovno";"Redni";"02 Umetnost in humanistika";464.0;284.0;180.0;466.0;288.0;178.0;476.0;279.0;197.0;455.0;256.0;199.0
"Višje strokovno";"Redni";"03 Družbene vede, novinarstvo in informacijska znanost";-;-;-;-;-;-;-;-;-;-;-;-
"Višje strokovno";"Redni";"04 Poslovne in upravne vede, pravo";671.0;191.0;480.0;585.0;176.0;409.0;567.0;196.0;371.0;557.0;187.0;370.0
"Višje strokovno";"Redni";"05 Naravoslovje, matematika in statistika";137.0;54.0;83.0;132.0;57.0;75.0;111.0;60.0;51.0;108.0;53.0;55.0
"Višje strokovno";"Redni";"06 Informacijske in komunikacijske tehnologije (IKT)";511.0;463.0;48.0;495.0;458.0;37.0;503.0;458.0;45.0;517.0;477.0;40.0
"Višje strokovno";"Redni";"07 Tehnika, proizvodne tehnologije in gradbeništvo";2247.0;1849.0;398.0;2238.0;1891.0;347.0;2171.0;1832.0;339.0;2136.0;1821.0;315.0
"Višje strokovno";"Redni";"08 Kmetijstvo, gozdarstvo, ribištvo in veterinarstvo";337.0;175.0;162.0;275.0;146.0;129.0;282.0;137.0;145.0;290.0;147.0;143.0
"Višje strokovno";"Redni";"09 Zdravstvo in socialna varnost";-;-;-;-;-;-;-;-;-;-;-;-
"Višje strokovno";"Redni";"10 Transport, varnost, gostinstvo in turizem, osebne storitve";1597.0;674.0;923.0;1516.0;630.0;886.0;1430.0;607.0;823.0;1488.0;678.0;810.0
"Višje strokovno";"Izredni";"Podroèje izobraževanja - SKUPAJ";4389.0;2529.0;1860.0;4859.0;2849.0;2010.0;5122.0;2987.0;2135.0;5013.0;2880.0;2133.0
"Višje strokovno";"Izredni";"01 Izobraževalne znanosti in izobraževanje uèiteljev";-;-;-;-;-;-;-;-;-;-;-;-
"Višje strokovno";"Izredni";"02 Umetnost in humanistika";170.0;100.0;70.0;208.0;109.0;99.0;270.0;139.0;131.0;328.0;184.0;144.0
"Višje strokovno";"Izredni";"03 Družbene vede, novinarstvo in informacijska znanost";-;-;-;-;-;-;-;-;-;-;-;-
"Višje strokovno";"Izredni";"04 Poslovne in upravne vede, pravo";925.0;287.0;638.0;1062.0;335.0;727.0;1075.0;325.0;750.0;1036.0;302.0;734.0
"Višje strokovno";"Izredni";"05 Naravoslovje, matematika in statistika";14.0;6.0;8.0;17.0;6.0;11.0;25.0;13.0;12.0;14.0;5.0;9.0
"Višje strokovno";"Izredni";"06 Informacijske in komunikacijske tehnologije (IKT)";410.0;352.0;58.0;469.0;403.0;66.0;569.0;478.0;91.0;596.0;505.0;91.0
"Višje strokovno";"Izredni";"07 Tehnika, proizvodne tehnologije in gradbeništvo";1413.0;1216.0;197.0;1512.0;1316.0;196.0;1578.0;1365.0;213.0;1510.0;1303.0;207.0
"Višje strokovno";"Izredni";"08 Kmetijstvo, gozdarstvo, ribištvo in veterinarstvo";40.0;28.0;12.0;63.0;34.0;29.0;67.0;39.0;28.0;91.0;52.0;39.0
"Višje strokovno";"Izredni";"09 Zdravstvo in socialna varnost";189.0;29.0;160.0;197.0;34.0;163.0;208.0;34.0;174.0;218.0;38.0;180.0
"Višje strokovno";"Izredni";"10 Transport, varnost, gostinstvo in turizem, osebne storitve";1228.0;511.0;717.0;1331.0;612.0;719.0;1330.0;594.0;736.0;1220.0;491.0;729.0
"Visokošolsko strokovno (1. bolonjska stopnja)";"Redni";"Podroèje izobraževanja - SKUPAJ";12600.0;5902.0;6698.0;12382.0;5727.0;6655.0;12567.0;5889.0;6678.0;13670.0;6459.0;7211.0
"Visokošolsko strokovno (1. bolonjska stopnja)";"Redni";"01 Izobraževalne znanosti in izobraževanje uèiteljev";675.0;23.0;652.0;693.0;21.0;672.0;698.0;19.0;679.0;738.0;22.0;716.0
"Visokošolsko strokovno (1. bolonjska stopnja)";"Redni";"02 Umetnost in humanistika";549.0;154.0;395.0;596.0;166.0;430.0;602.0;171.0;431.0;673.0;184.0;489.0
"Visokošolsko strokovno (1. bolonjska stopnja)";"Redni";"03 Družbene vede, novinarstvo in informacijska znanost";158.0;107.0;51.0;113.0;91.0;22.0;92.0;75.0;17.0;121.0;103.0;18.0
"Visokošolsko strokovno (1. bolonjska stopnja)";"Redni";"04 Poslovne in upravne vede, pravo";2864.0;1119.0;1745.0;2780.0;1058.0;1722.0;2767.0;1084.0;1683.0;3090.0;1235.0;1855.0
"Visokošolsko strokovno (1. bolonjska stopnja)";"Redni";"05 Naravoslovje, matematika in statistika";127.0;83.0;44.0;123.0;89.0;34.0;130.0;87.0;43.0;134.0;94.0;40.0
"Visokošolsko strokovno (1. bolonjska stopnja)";"Redni";"06 Informacijske in komunikacijske tehnologije (IKT)";817.0;772.0;45.0;866.0;809.0;57.0;886.0;817.0;69.0;913.0;841.0;72.0
"Visokošolsko strokovno (1. bolonjska stopnja)";"Redni";"07 Tehnika, proizvodne tehnologije in gradbeništvo";2988.0;2365.0;623.0;2899.0;2317.0;582.0;3070.0;2447.0;623.0;3313.0;2657.0;656.0
"Visokošolsko strokovno (1. bolonjska stopnja)";"Redni";"08 Kmetijstvo, gozdarstvo, ribištvo in veterinarstvo";668.0;323.0;345.0;607.0;286.0;321.0;610.0;317.0;293.0;596.0;304.0;292.0
"Visokošolsko strokovno (1. bolonjska stopnja)";"Redni";"09 Zdravstvo in socialna varnost";2356.0;386.0;1970.0;2398.0;364.0;2034.0;2428.0;377.0;2051.0;2721.0;455.0;2266.0
"Visokošolsko strokovno (1. bolonjska stopnja)";"Redni";"10 Transport, varnost, gostinstvo in turizem, osebne storitve";1398.0;570.0;828.0;1307.0;526.0;781.0;1284.0;495.0;789.0;1371.0;564.0;807.0
"Visokošolsko strokovno (1. bolonjska stopnja)";"Izredni";"Podroèje izobraževanja - SKUPAJ";6731.0;2507.0;4224.0;6695.0;2421.0;4274.0;7129.0;2573.0;4556.0;8163.0;2853.0;5310.0
"Visokošolsko strokovno (1. bolonjska stopnja)";"Izredni";"01 Izobraževalne znanosti in izobraževanje uèiteljev";1013.0;64.0;949.0;966.0;54.0;912.0;987.0;63.0;924.0;1058.0;70.0;988.0
"Visokošolsko strokovno (1. bolonjska stopnja)";"Izredni";"02 Umetnost in humanistika";229.0;55.0;174.0;242.0;57.0;185.0;257.0;62.0;195.0;284.0;70.0;214.0
"Visokošolsko strokovno (1. bolonjska stopnja)";"Izredni";"03 Družbene vede, novinarstvo in informacijska znanost";219.0;94.0;125.0;245.0;93.0;152.0;279.0;92.0;187.0;334.0;95.0;239.0
"Visokošolsko strokovno (1. bolonjska stopnja)";"Izredni";"04 Poslovne in upravne vede, pravo";2100.0;911.0;1189.0;2001.0;853.0;1148.0;2209.0;975.0;1234.0;2475.0;1065.0;1410.0
"Visokošolsko strokovno (1. bolonjska stopnja)";"Izredni";"05 Naravoslovje, matematika in statistika";6.0;3.0;3.0;3.0;1.0;2.0;1.0;1.0;-;-;-;-
"Visokošolsko strokovno (1. bolonjska stopnja)";"Izredni";"06 Informacijske in komunikacijske tehnologije (IKT)";63.0;57.0;6.0;76.0;70.0;6.0;77.0;71.0;6.0;107.0;93.0;14.0
"Visokošolsko strokovno (1. bolonjska stopnja)";"Izredni";"07 Tehnika, proizvodne tehnologije in gradbeništvo";348.0;293.0;55.0;367.0;305.0;62.0;365.0;302.0;63.0;378.0;309.0;69.0
"Visokošolsko strokovno (1. bolonjska stopnja)";"Izredni";"08 Kmetijstvo, gozdarstvo, ribištvo in veterinarstvo";23.0;10.0;13.0;19.0;8.0;11.0;10.0;6.0;4.0;6.0;2.0;4.0
"Visokošolsko strokovno (1. bolonjska stopnja)";"Izredni";"09 Zdravstvo in socialna varnost";2107.0;680.0;1427.0;2154.0;649.0;1505.0;2253.0;653.0;1600.0;2775.0;761.0;2014.0
"Visokošolsko strokovno (1. bolonjska stopnja)";"Izredni";"10 Transport, varnost, gostinstvo in turizem, osebne storitve";623.0;340.0;283.0;622.0;331.0;291.0;691.0;348.0;343.0;746.0;388.0;358.0
"Visokošolsko univerzitetno (1. bolonjska stopnja)";"Redni";"Podroèje izobraževanja - SKUPAJ";21609.0;8497.0;13112.0;21445.0;8377.0;13068.0;21414.0;8448.0;12966.0;23077.0;9023.0;14054.0
"Visokošolsko univerzitetno (1. bolonjska stopnja)";"Redni";"01 Izobraževalne znanosti in izobraževanje uèiteljev";2632.5;383.0;2249.5;2541.5;363.5;2178.0;2465.5;348.0;2117.5;2587.0;409.5;2177.5
"Visokošolsko univerzitetno (1. bolonjska stopnja)";"Redni";"02 Umetnost in humanistika";3259.0;941.5;2317.5;3217.0;891.5;2325.5;3060.0;864.0;2196.0;3373.5;947.0;2426.5
"Visokošolsko univerzitetno (1. bolonjska stopnja)";"Redni";"03 Družbene vede, novinarstvo in informacijska znanost";4098.0;1370.0;2728.0;4148.0;1401.0;2747.0;4223.0;1425.0;2798.0;4571.5;1517.5;3054.0
"Visokošolsko univerzitetno (1. bolonjska stopnja)";"Redni";"04 Poslovne in upravne vede, pravo";2280.0;785.0;1495.0;2277.0;750.0;1527.0;2189.0;733.0;1456.0;2422.0;825.0;1597.0
"Visokošolsko univerzitetno (1. bolonjska stopnja)";"Redni";"05 Naravoslovje, matematika in statistika";2671.0;1059.5;1611.5;2650.5;1083.0;1567.5;2721.5;1126.0;1595.5;2928.0;1205.0;1723.0
"Visokošolsko univerzitetno (1. bolonjska stopnja)";"Redni";"06 Informacijske in komunikacijske tehnologije (IKT)";1263.5;1011.0;252.5;1347.0;1057.0;290.0;1548.0;1185.0;363.0;1731.0;1298.0;433.0
"Visokošolsko univerzitetno (1. bolonjska stopnja)";"Redni";"07 Tehnika, proizvodne tehnologije in gradbeništvo";3233.0;2278.0;955.0;3152.0;2195.0;957.0;3112.0;2151.0;961.0;3162.0;2140.0;1022.0
"Visokošolsko univerzitetno (1. bolonjska stopnja)";"Redni";"08 Kmetijstvo, gozdarstvo, ribištvo in veterinarstvo";480.0;192.0;288.0;423.0;161.0;262.0;400.0;158.0;242.0;414.0;158.0;256.0
"Visokošolsko univerzitetno (1. bolonjska stopnja)";"Redni";"09 Zdravstvo in socialna varnost";709.0;58.0;651.0;708.0;60.0;648.0;746.0;71.0;675.0;827.0;85.0;742.0
"Visokošolsko univerzitetno (1. bolonjska stopnja)";"Redni";"10 Transport, varnost, gostinstvo in turizem, osebne storitve";983.0;419.0;564.0;981.0;415.0;566.0;949.0;387.0;562.0;1061.0;438.0;623.0
"Visokošolsko univerzitetno (1. bolonjska stopnja)";"Izredni";"Podroèje izobraževanja - SKUPAJ";900.0;306.0;594.0;826.0;276.0;550.0;823.0;270.0;553.0;958.0;321.0;637.0
"Visokošolsko univerzitetno (1. bolonjska stopnja)";"Izredni";"01 Izobraževalne znanosti in izobraževanje uèiteljev";265.0;41.0;224.0;265.5;49.0;216.5;230.5;37.5;193.0;251.0;46.0;205.0
"Visokošolsko univerzitetno (1. bolonjska stopnja)";"Izredni";"02 Umetnost in humanistika";84.5;36.0;48.5;69.0;25.5;43.5;63.5;20.5;43.0;83.0;30.0;53.0
"Visokošolsko univerzitetno (1. bolonjska stopnja)";"Izredni";"03 Družbene vede, novinarstvo in informacijska znanost";127.5;67.0;60.5;127.5;65.5;62.0;134.0;81.0;53.0;157.0;86.0;71.0
"Visokošolsko univerzitetno (1. bolonjska stopnja)";"Izredni";"04 Poslovne in upravne vede, pravo";304.0;101.0;203.0;252.0;79.0;173.0;254.0;68.0;186.0;281.0;72.0;209.0
"Visokošolsko univerzitetno (1. bolonjska stopnja)";"Izredni";"05 Naravoslovje, matematika in statistika";2.0;2.0;-;17.0;8.0;9.0;23.0;10.0;13.0;24.0;11.0;13.0
"Visokošolsko univerzitetno (1. bolonjska stopnja)";"Izredni";"06 Informacijske in komunikacijske tehnologije (IKT)";3.0;2.0;1.0;-;-;-;-;-;-;-;-;-
"Visokošolsko univerzitetno (1. bolonjska stopnja)";"Izredni";"07 Tehnika, proizvodne tehnologije in gradbeništvo";2.0;2.0;-;3.0;2.0;1.0;1.0;-;1.0;2.0;-;2.0
"Visokošolsko univerzitetno (1. bolonjska stopnja)";"Izredni";"08 Kmetijstvo, gozdarstvo, ribištvo in veterinarstvo";-;-;-;-;-;-;-;-;-;-;-;-
"Visokošolsko univerzitetno (1. bolonjska stopnja)";"Izredni";"09 Zdravstvo in socialna varnost";11.0;-;11.0;6.0;-;6.0;33.0;6.0;27.0;56.0;12.0;44.0
"Visokošolsko univerzitetno (1. bolonjska stopnja)";"Izredni";"10 Transport, varnost, gostinstvo in turizem, osebne storitve";101.0;55.0;46.0;86.0;47.0;39.0;84.0;47.0;37.0;104.0;64.0;40.0
"Magistrsko (2. bolonjska stopnja) - enovito magistrsko";"Redni";"Podroèje izobraževanja - SKUPAJ";4612.0;1403.0;3209.0;4457.0;1318.0;3139.0;4349.0;1254.0;3095.0;4601.0;1310.0;3291.0
"Magistrsko (2. bolonjska stopnja) - enovito magistrsko";"Redni";"01 Izobraževalne znanosti in izobraževanje uèiteljev";97.0;24.0;73.0;99.0;29.0;70.0;104.0;31.0;73.0;126.0;42.0;84.0
"Magistrsko (2. bolonjska stopnja) - enovito magistrsko";"Redni";"02 Umetnost in humanistika";50.0;45.0;5.0;41.0;38.0;3.0;33.0;30.0;3.0;28.0;26.0;2.0
"Magistrsko (2. bolonjska stopnja) - enovito magistrsko";"Redni";"03 Družbene vede, novinarstvo in informacijska znanost";-;-;-;-;-;-;-;-;-;-;-;-
"Magistrsko (2. bolonjska stopnja) - enovito magistrsko";"Redni";"04 Poslovne in upravne vede, pravo";-;-;-;-;-;-;-;-;-;-;-;-
"Magistrsko (2. bolonjska stopnja) - enovito magistrsko";"Redni";"05 Naravoslovje, matematika in statistika";-;-;-;-;-;-;-;-;-;-;-;-
"Magistrsko (2. bolonjska stopnja) - enovito magistrsko";"Redni";"06 Informacijske in komunikacijske tehnologije (IKT)";-;-;-;-;-;-;-;-;-;-;-;-
"Magistrsko (2. bolonjska stopnja) - enovito magistrsko";"Redni";"07 Tehnika, proizvodne tehnologije in gradbeništvo";951.0;341.0;610.0;904.0;309.0;595.0;865.0;305.0;560.0;878.0;315.0;563.0
"Magistrsko (2. bolonjska stopnja) - enovito magistrsko";"Redni";"08 Kmetijstvo, gozdarstvo, ribištvo in veterinarstvo";383.0;80.0;303.0;389.0;72.0;317.0;380.0;67.0;313.0;412.0;72.0;340.0
"Magistrsko (2. bolonjska stopnja) - enovito magistrsko";"Redni";"09 Zdravstvo in socialna varnost";3131.0;913.0;2218.0;3024.0;870.0;2154.0;2967.0;821.0;2146.0;3157.0;855.0;2302.0
"Magistrsko (2. bolonjska stopnja) - enovito magistrsko";"Redni";"10 Transport, varnost, gostinstvo in turizem, osebne storitve";-;-;-;-;-;-;-;-;-;-;-;-
"Magistrsko (2. bolonjska stopnja) - enovito magistrsko";"Izredni";"Podroèje izobraževanja - SKUPAJ";75.0;37.0;38.0;58.0;24.0;34.0;19.0;12.0;7.0;25.0;14.0;11.0
"Magistrsko (2. bolonjska stopnja) - enovito magistrsko";"Izredni";"01 Izobraževalne znanosti in izobraževanje uèiteljev";-;-;-;-;-;-;-;-;-;-;-;-
"Magistrsko (2. bolonjska stopnja) - enovito magistrsko";"Izredni";"02 Umetnost in humanistika";8.0;7.0;1.0;3.0;3.0;-;1.0;-;1.0;5.0;4.0;1.0
"Magistrsko (2. bolonjska stopnja) - enovito magistrsko";"Izredni";"03 Družbene vede, novinarstvo in informacijska znanost";-;-;-;-;-;-;-;-;-;-;-;-
"Magistrsko (2. bolonjska stopnja) - enovito magistrsko";"Izredni";"04 Poslovne in upravne vede, pravo";-;-;-;-;-;-;-;-;-;-;-;-
"Magistrsko (2. bolonjska stopnja) - enovito magistrsko";"Izredni";"05 Naravoslovje, matematika in statistika";-;-;-;-;-;-;-;-;-;-;-;-
"Magistrsko (2. bolonjska stopnja) - enovito magistrsko";"Izredni";"06 Informacijske in komunikacijske tehnologije (IKT)";-;-;-;-;-;-;-;-;-;-;-;-
"Magistrsko (2. bolonjska stopnja) - enovito magistrsko";"Izredni";"07 Tehnika, proizvodne tehnologije in gradbeništvo";67.0;30.0;37.0;55.0;21.0;34.0;18.0;12.0;6.0;20.0;10.0;10.0
"Magistrsko (2. bolonjska stopnja) - enovito magistrsko";"Izredni";"08 Kmetijstvo, gozdarstvo, ribištvo in veterinarstvo";-;-;-;-;-;-;-;-;-;-;-;-
"Magistrsko (2. bolonjska stopnja) - enovito magistrsko";"Izredni";"09 Zdravstvo in socialna varnost";-;-;-;-;-;-;-;-;-;-;-;-
"Magistrsko (2. bolonjska stopnja) - enovito magistrsko";"Izredni";"10 Transport, varnost, gostinstvo in turizem, osebne storitve";-;-;-;-;-;-;-;-;-;-;-;-
"Magistrsko (2. bolonjska stopnja) - po konèani 1. bolonjski stopnji";"Redni";"Podroèje izobraževanja - SKUPAJ";14884.0;5620.0;9264.0;14476.0;5464.0;9012.0;14351.0;5520.0;8831.0;15657.0;6053.0;9604.0
"Magistrsko (2. bolonjska stopnja) - po konèani 1. bolonjski stopnji";"Redni";"01 Izobraževalne znanosti in izobraževanje uèiteljev";2206.5;341.5;1865.0;2089.5;324.5;1765.0;2014.0;329.0;1685.0;2185.5;348.0;1837.5
"Magistrsko (2. bolonjska stopnja) - po konèani 1. bolonjski stopnji";"Redni";"02 Umetnost in humanistika";1521.5;451.5;1070.0;1424.0;405.5;1018.5;1167.5;359.5;808.0;1286.0;403.0;883.0
"Magistrsko (2. bolonjska stopnja) - po konèani 1. bolonjski stopnji";"Redni";"03 Družbene vede, novinarstvo in informacijska znanost";1713.0;479.0;1234.0;1586.5;429.0;1157.5;1520.5;382.5;1138.0;1672.5;439.0;1233.5
"Magistrsko (2. bolonjska stopnja) - po konèani 1. bolonjski stopnji";"Redni";"04 Poslovne in upravne vede, pravo";3679.0;1296.0;2383.0;3550.0;1287.0;2263.0;3699.0;1342.0;2357.0;4009.0;1461.0;2548.0
"Magistrsko (2. bolonjska stopnja) - po konèani 1. bolonjski stopnji";"Redni";"05 Naravoslovje, matematika in statistika";1195.0;441.0;754.0;1206.0;453.0;753.0;1236.0;485.0;751.0;1383.0;535.0;848.0
"Magistrsko (2. bolonjska stopnja) - po konèani 1. bolonjski stopnji";"Redni";"06 Informacijske in komunikacijske tehnologije (IKT)";510.0;420.0;90.0;480.0;393.0;87.0;549.0;441.0;108.0;648.0;518.0;130.0
"Magistrsko (2. bolonjska stopnja) - po konèani 1. bolonjski stopnji";"Redni";"07 Tehnika, proizvodne tehnologije in gradbeništvo";2181.0;1639.0;542.0;2191.0;1640.0;551.0;2399.0;1661.0;738.0;2554.0;1788.0;766.0
"Magistrsko (2. bolonjska stopnja) - po konèani 1. bolonjski stopnji";"Redni";"08 Kmetijstvo, gozdarstvo, ribištvo in veterinarstvo";489.0;164.0;325.0;525.0;154.0;371.0;450.0;154.0;296.0;480.0;168.0;312.0
"Magistrsko (2. bolonjska stopnja) - po konèani 1. bolonjski stopnji";"Redni";"09 Zdravstvo in socialna varnost";856.0;160.0;696.0;886.0;170.0;716.0;777.0;138.0;639.0;853.0;151.0;702.0
"Magistrsko (2. bolonjska stopnja) - po konèani 1. bolonjski stopnji";"Redni";"10 Transport, varnost, gostinstvo in turizem, osebne storitve";533.0;228.0;305.0;538.0;208.0;330.0;539.0;228.0;311.0;586.0;242.0;344.0
"Magistrsko (2. bolonjska stopnja) - po konèani 1. bolonjski stopnji";"Izredni";"Podroèje izobraževanja - SKUPAJ";1946.0;695.0;1251.0;1997.0;664.0;1333.0;2108.0;714.0;1394.0;2470.0;858.0;1612.0
"Magistrsko (2. bolonjska stopnja) - po konèani 1. bolonjski stopnji";"Izredni";"01 Izobraževalne znanosti in izobraževanje uèiteljev";394.0;35.0;359.0;400.0;29.0;371.0;391.0;30.0;361.0;414.0;34.0;380.0
"Magistrsko (2. bolonjska stopnja) - po konèani 1. bolonjski stopnji";"Izredni";"02 Umetnost in humanistika";34.0;6.0;28.0;47.0;6.0;41.0;50.0;5.0;45.0;66.0;12.0;54.0
"Magistrsko (2. bolonjska stopnja) - po konèani 1. bolonjski stopnji";"Izredni";"03 Družbene vede, novinarstvo in informacijska znanost";101.0;31.0;70.0;99.0;23.0;76.0;91.0;16.0;75.0;138.0;30.0;108.0
"Magistrsko (2. bolonjska stopnja) - po konèani 1. bolonjski stopnji";"Izredni";"04 Poslovne in upravne vede, pravo";951.0;445.0;506.0;963.0;427.0;536.0;1072.0;475.0;597.0;1238.0;528.0;710.0
"Magistrsko (2. bolonjska stopnja) - po konèani 1. bolonjski stopnji";"Izredni";"05 Naravoslovje, matematika in statistika";28.0;14.0;14.0;32.0;19.0;13.0;23.0;12.0;11.0;13.0;8.0;5.0
"Magistrsko (2. bolonjska stopnja) - po konèani 1. bolonjski stopnji";"Izredni";"06 Informacijske in komunikacijske tehnologije (IKT)";-;-;-;-;-;-;-;-;-;4.0;3.0;1.0
"Magistrsko (2. bolonjska stopnja) - po konèani 1. bolonjski stopnji";"Izredni";"07 Tehnika, proizvodne tehnologije in gradbeništvo";116.0;80.0;36.0;105.0;65.0;40.0;140.0;96.0;44.0;163.0;123.0;40.0
"Magistrsko (2. bolonjska stopnja) - po konèani 1. bolonjski stopnji";"Izredni";"08 Kmetijstvo, gozdarstvo, ribištvo in veterinarstvo";-;-;-;-;-;-;-;-;-;-;-;-
"Magistrsko (2. bolonjska stopnja) - po konèani 1. bolonjski stopnji";"Izredni";"09 Zdravstvo in socialna varnost";215.0;37.0;178.0;225.0;39.0;186.0;251.0;45.0;206.0;322.0;56.0;266.0
"Magistrsko (2. bolonjska stopnja) - po konèani 1. bolonjski stopnji";"Izredni";"10 Transport, varnost, gostinstvo in turizem, osebne storitve";107.0;47.0;60.0;126.0;56.0;70.0;90.0;35.0;55.0;112.0;64.0;48.0
"Doktorsko (3. bolonjska stopnja)";"Redni";"Podroèje izobraževanja - SKUPAJ";674.0;347.0;327.0;666.0;335.0;331.0;646.0;330.0;316.0;636.0;326.0;310.0
"Doktorsko (3. bolonjska stopnja)";"Redni";"01 Izobraževalne znanosti in izobraževanje uèiteljev";2.0;1.0;1.0;5.0;3.0;2.0;-;-;-;-;-;-
"Doktorsko (3. bolonjska stopnja)";"Redni";"02 Umetnost in humanistika";95.0;32.0;63.0;105.0;26.0;79.0;111.0;37.0;74.0;97.0;33.0;64.0
"Doktorsko (3. bolonjska stopnja)";"Redni";"03 Družbene vede, novinarstvo in informacijska znanost";90.0;46.0;44.0;99.0;50.0;49.0;103.0;49.0;54.0;108.0;52.0;56.0
"Doktorsko (3. bolonjska stopnja)";"Redni";"04 Poslovne in upravne vede, pravo";115.0;35.0;80.0;115.0;44.0;71.0;90.0;33.0;57.0;78.0;26.0;52.0
"Doktorsko (3. bolonjska stopnja)";"Redni";"05 Naravoslovje, matematika in statistika";82.0;40.0;42.0;58.0;30.0;28.0;45.0;22.0;23.0;48.0;23.0;25.0
"Doktorsko (3. bolonjska stopnja)";"Redni";"06 Informacijske in komunikacijske tehnologije (IKT)";46.0;34.0;12.0;43.0;34.0;9.0;51.0;39.0;12.0;45.0;30.0;15.0
"Doktorsko (3. bolonjska stopnja)";"Redni";"07 Tehnika, proizvodne tehnologije in gradbeništvo";244.0;159.0;85.0;241.0;148.0;93.0;244.0;150.0;94.0;259.0;161.0;98.0
"Doktorsko (3. bolonjska stopnja)";"Redni";"08 Kmetijstvo, gozdarstvo, ribištvo in veterinarstvo";-;-;-;-;-;-;-;-;-;-;-;-
"Doktorsko (3. bolonjska stopnja)";"Redni";"09 Zdravstvo in socialna varnost";-;-;-;-;-;-;-;-;-;-;-;-
"Doktorsko (3. bolonjska stopnja)";"Redni";"10 Transport, varnost, gostinstvo in turizem, osebne storitve";-;-;-;-;-;-;2.0;-;2.0;1.0;1.0;-
"Doktorsko (3. bolonjska stopnja)";"Izredni";"Podroèje izobraževanja - SKUPAJ";2150.0;957.0;1193.0;2423.0;1087.0;1336.0;2660.0;1186.0;1474.0;2873.0;1276.0;1597.0
"Doktorsko (3. bolonjska stopnja)";"Izredni";"01 Izobraževalne znanosti in izobraževanje uèiteljev";136.0;30.0;106.0;156.0;38.0;118.0;155.0;32.0;123.0;185.0;42.0;143.0
"Doktorsko (3. bolonjska stopnja)";"Izredni";"02 Umetnost in humanistika";427.0;153.0;274.0;509.0;185.0;324.0;501.0;189.0;312.0;316.0;118.0;198.0
"Doktorsko (3. bolonjska stopnja)";"Izredni";"03 Družbene vede, novinarstvo in informacijska znanost";68.0;35.0;33.0;76.0;26.0;50.0;102.0;36.0;66.0;332.0;134.0;198.0
"Doktorsko (3. bolonjska stopnja)";"Izredni";"04 Poslovne in upravne vede, pravo";217.0;114.0;103.0;199.0;109.0;90.0;236.0;128.0;108.0;249.0;124.0;125.0
"Doktorsko (3. bolonjska stopnja)";"Izredni";"05 Naravoslovje, matematika in statistika";380.0;184.0;196.0;412.0;210.0;202.0;451.0;221.0;230.0;483.0;228.0;255.0
"Doktorsko (3. bolonjska stopnja)";"Izredni";"06 Informacijske in komunikacijske tehnologije (IKT)";62.0;54.0;8.0;66.0;55.0;11.0;75.0;59.0;16.0;71.0;53.0;18.0
"Doktorsko (3. bolonjska stopnja)";"Izredni";"07 Tehnika, proizvodne tehnologije in gradbeništvo";268.0;188.0;80.0;307.0;204.0;103.0;335.0;220.0;115.0;355.0;234.0;121.0
"Doktorsko (3. bolonjska stopnja)";"Izredni";"08 Kmetijstvo, gozdarstvo, ribištvo in veterinarstvo";14.0;4.0;10.0;19.0;7.0;12.0;13.0;3.0;10.0;17.0;8.0;9.0
"Doktorsko (3. bolonjska stopnja)";"Izredni";"09 Zdravstvo in socialna varnost";534.0;175.0;359.0;626.0;225.0;401.0;691.0;247.0;444.0;772.0;291.0;481.0
"Doktorsko (3. bolonjska stopnja)";"Izredni";"10 Transport, varnost, gostinstvo in turizem, osebne storitve";44.0;20.0;24.0;53.0;28.0;25.0;101.0;51.0;50.0;93.0;44.0;49.0
